7.4119816,-0.021678692,-1.2751256,-1.9602007,-2.167933,-0.39669466,-0.6884024,-0.5566829
7.360955,-0.12512659,-1.2013685,-1.801614,-2.146079,-0.15304069,-0.7860997,-0.7020015
7.400545,-0.03593801,-1.2902788,-1.9891654,-2.1833448,-0.36860928,-0.6971919,-0.49875665
7.3911757,-0.10204814,-1.3348885,-1.9502314,-2.1448994,-0.33672974,-0.7079575,-0.46066853
7.3913164,-0.10291593,-1.3343068,-1.9493839,-2.1441607,-0.3359041,-0.7082393,-0.46201846
7.37026,-0.052658975,-1.373762,-1.9452031,-2.140872,-0.30445054,-0.7739826,-0.43169442
7.367736,-0.074414566,-1.3815192,-1.9337058,-2.1376815,-0.2952991,-0.7680929,-0.4301919
6.992129,-0.5992952,-0.9675304,-1.584798,-1.9009827,0.45721307,-0.978315,-0.83544964
7.126157,-0.50271124,-0.7533839,-1.5053524,-1.9566538,-0.18103674,-0.62673587,-1.1759213
7.239293,-0.41221663,-1.4004463,-1.8558961,-2.0977654,-0.18514714,-0.057290323,-1.0324111
7.410774,-0.12015866,-1.2132981,-1.9721018,-2.1875272,-0.37314388,-0.6183356,-0.61635387
7.4050064,-0.056817256,-1.2861987,-1.981134,-2.188538,-0.370229,-0.69368815,-0.48503515
7.399726,-0.2570876,-1.0317533,-2.0653713,-2.3229408,-0.2799041,-0.78064674,-0.19782266
7.392084,-0.11001602,-1.3301615,-1.9495289,-2.1449876,-0.33553013,-0.7024749,-0.46752343
7.3877153,-0.1198828,-1.3458266,-1.9412262,-2.1420858,-0.3280029,-0.7017986,-0.4550906
7.380929,-0.112732016,-1.3510193,-1.9581288,-2.149918,-0.32543322,-0.70026207,-0.438864
7.4013395,-0.031927384,-1.2794808,-2.0101192,-2.1942449,-0.37535298,-0.6895479,-0.48536146
7.415311,-0.008045049,-1.2262032,-2.0482428,-2.2120123,-0.3912661,-0.67714834,-0.5042162
7.388728,-0.107065715,-1.3433865,-1.9610344,-2.1515658,-0.3326551,-0.7017405,-0.44062862
7.40886,-0.029005228,-1.2857416,-1.9489919,-2.165926,-0.38744023,-0.68831146,-0.5605256
7.38779,-0.119792536,-1.3461784,-1.9413941,-2.1424794,-0.32880753,-0.7015966,-0.4539453
7.3672867,-0.074550964,-1.3821853,-1.9341464,-2.1373415,-0.29540873,-0.7677513,-0.42948112
7.367888,-0.062662356,-1.3565824,-1.9849777,-2.164176,-0.2985806,-0.7627873,-0.403047
7.389982,-0.10237615,-1.3356098,-1.9473785,-2.144343,-0.33487746,-0.7087029,-0.4639342
-0.55953723,8.782772,-1.2055069,-0.4344002,-1.0285559,-1.6842246,-1.2326652,-1.601904
-0.5544407,8.776824,-1.1805762,-0.44396856,-1.0558951,-1.6882024,-1.2528465,-1.5638627
-0.5603421,8.783138,-1.205932,-0.43166697,-1.0269926,-1.6854928,-1.2322361,-1.6029142
-1.6324366,-2.7798343,-0.2693583,-0.4512822,-2.5370314,8.323658,-0.88498133,-0.50411546
-0.55448234,8.776821,-1.1819953,-0.44264555,-1.0592343,-1.6879505,-1.2535028,-1.5591955
-0.5592914,8.782476,-1.2044082,-0.43526483,-1.0292984,-1.6836925,-1.2320665,-1.603644
-0.55917764,8.782398,-1.206394,-0.43543777,-1.0292076,-1.6842716,-1.231345,-1.6015359
-0.5993206,8.776918,-1.1404358,-0.40122625,-1.0281624,-1.7338467,-1.2328893,-1.6221355
-0.5703192,8.782926,-1.1636202,-0.42162216,-1.0355052,-1.6958531,-1.2395344,-1.6066037
-0.5596046,8.782512,-1.2042946,-0.43519992,-1.0286647,-1.6842461,-1.2314287,-1.6043082
-0.5602874,8.783458,-1.2054888,-0.43090472,-1.0260017,-1.6864805,-1.2323159,-1.6032169
-0.56006175,8.783325,-1.2054044,-0.431854,-1.0264953,-1.6856706,-1.2325214,-1.6036394
-0.5709931,8.782858,-1.1641572,-0.42224962,-1.0349582,-1.6956689,-1.2381257,-1.6072451
-0.5709211,8.782877,-1.1645925,-0.4221987,-1.0347217,-1.6960058,-1.2375913,-1.6063067
-0.56999356,8.782678,-1.1627716,-0.4220339,-1.0380228,-1.6960881,-1.2396244,-1.6036807
-0.5705025,8.782919,-1.1649739,-0.4218779,-1.0350704,-1.6957116,-1.2384003,-1.6066428
-0.56032425,8.783205,-1.2059653,-0.43148232,-1.0265583,-1.6865839,-1.2319719,-1.6022893
-0.5707751,8.78288,-1.1644802,-0.4218263,-1.035323,-1.6956034,-1.2384126,-1.6065406
-0.565285,8.781675,-1.1796399,-0.42970955,-1.0559102,-1.6706548,-1.255173,-1.6013348
-0.5605205,8.7831955,-1.2059507,-0.4315729,-1.0265927,-1.6862113,-1.2317609,-1.6026875
-0.5604319,8.783216,-1.2045691,-0.43344554,-1.0250974,-1.6862395,-1.2307833,-1.6052405
-0.59935397,8.776894,-1.1405424,-0.40123448,-1.0281347,-1.7338517,-1.2327574,-1.6221055
-0.5662673,8.782274,-1.1754498,-0.42885485,-1.0492384,-1.6774372,-1.2513984,-1.6041843
-0.57094616,8.78285,-1.1648526,-0.42189223,-1.0353265,-1.695268,-1.2386565,-1.6061234
-0.57205886,8.782612,-1.1650058,-0.42507622,-1.0330863,-1.6945925,-1.2355508,-1.6103133
-0.5703122,8.782948,-1.1641617,-0.42266813,-1.0357015,-1.6950836,-1.2391647,-1.6064895
-0.5799492,8.782646,-1.1761049,-0.4304924,-1.0048484,-1.7036828,-1.2173432,-1.6201814
-0.5706919,8.782892,-1.1644303,-0.42200446,-1.0352297,-1.6955764,-1.2385093,-1.6066566
-0.63547355,8.76384,-1.0745984,-0.43564436,-0.9401273,-1.801952,-1.1536472,-1.7291753
-0.55913115,8.78406,-1.2015935,-0.42957062,-1.0293361,-1.6864322,-1.2382954,-1.5979253
-0.56727237,8.782019,-1.1550099,-0.43617243,-1.0317756,-1.6926801,-1.2365177,-1.6344675
-0.5992153,8.776963,-1.140476,-0.40103644,-1.0281156,-1.7336438,-1.2331855,-1.622176
-0.5597742,8.784317,-1.2056236,-0.42718562,-1.0268924,-1.68604,-1.2371372,-1.5994154
-0.5604178,8.783226,-1.2056745,-0.43112028,-1.0268956,-1.6862972,-1.2319832,-1.6027509
-0.5604177,8.783123,-1.2058848,-0.43178746,-1.0268587,-1.6861615,-1.2317741,-1.602888
-0.5613685,8.781929,-1.2094353,-0.43911672,-1.0234126,-1.687563,-1.2257304,-1.6024355
-0.5606666,8.783127,-1.2056221,-0.43157977,-1.026636,-1.6864111,-1.2318017,-1.6030902
-0.56029946,8.78307,-1.2056562,-0.43196973,-1.0272433,-1.685821,-1.2320529,-1.60293
-0.59508926,8.77792,-1.1327585,-0.39606214,-1.0406166,-1.7127129,-1.2554158,-1.6238484
-0.56046337,8.783165,-1.2057695,-0.43159217,-1.0268557,-1.6862624,-1.2318577,-1.6027073
-0.56062037,8.783239,-1.2060148,-0.431252,-1.0263234,-1.6863675,-1.2317235,-1.6027058
-0.5604947,8.783215,-1.2057836,-0.43140182,-1.0266463,-1.6863649,-1.2318949,-1.6029018
-0.56731284,8.769368,-1.1950055,-0.4900609,-0.9963105,-1.6859115,-1.1794031,-1.658167
-0.56035453,8.783018,-1.205988,-0.43200386,-1.0272545,-1.6861587,-1.2317255,-1.6025347
-0.56058115,8.783142,-1.2058264,-0.43159586,-1.0266104,-1.6859506,-1.2320075,-1.602887
-0.56052667,8.783054,-1.2061895,-0.43180406,-1.0272714,-1.6866553,-1.2312694,-1.6016035
-0.5604401,8.78326,-1.205819,-0.43137974,-1.0267137,-1.6857615,-1.2321754,-1.602979
-0.56576663,8.782194,-1.176281,-0.43028128,-1.0500449,-1.6748526,-1.2510766,-1.6059592
-0.5602569,8.783671,-1.2037997,-0.42801762,-1.0275824,-1.6855363,-1.2349676,-1.6042838
-0.5601617,8.78321,-1.2046714,-0.43261832,-1.0271485,-1.686421,-1.2328708,-1.6042736
-0.5603474,8.783173,-1.2064621,-0.4314999,-1.0270774,-1.6863065,-1.2314808,-1.6025205
-0.9407243,0.92032456,1.8499517,0.77192974,1.0630122,-1.2463882,-0.052558415,-1.9312862
-0.56138664,8.78265,-1.2035109,-0.43665278,-1.02697,-1.687332,-1.2328027,-1.5987822
-0.5658969,8.781966,-1.1765581,-0.43042383,-1.051231,-1.6753901,-1.2508372,-1.604556
-0.560474,8.783142,-1.2058929,-0.43169183,-1.0268067,-1.6863009,-1.2317946,-1.6026412
-0.56044555,8.783123,-1.2054528,-0.43203008,-1.0269691,-1.686181,-1.2319236,-1.6027037
-0.57060486,8.782701,-1.1627055,-0.42178047,-1.037464,-1.6947174,-1.2397974,-1.6068045
-0.5604789,8.783102,-1.2058903,-0.43170482,-1.0271133,-1.6858847,-1.2320278,-1.602532
-0.5598833,8.783358,-1.2061017,-0.43178034,-1.0263914,-1.6855638,-1.2326007,-1.6029632
-0.56930894,8.783169,-1.1631652,-0.42199317,-1.0362238,-1.6949462,-1.2394315,-1.6093253
-0.5705448,8.782908,-1.164559,-0.42215082,-1.0353919,-1.6954222,-1.2384815,-1.6066093
-0.5712024,8.78286,-1.1641726,-0.42173323,-1.034801,-1.6948688,-1.2387708,-1.6071459
-0.55933464,8.784012,-1.2024668,-0.42926797,-1.0296739,-1.6861433,-1.2379963,-1.5975779
-0.57008487,8.782986,-1.1644999,-0.4215544,-1.0351316,-1.6948924,-1.2391907,-1.6070548
-0.5661329,8.783949,-1.2035354,-0.4223733,-1.0153705,-1.698421,-1.2250953,-1.6112722
-0.5605102,8.783133,-1.2063155,-0.4319409,-1.0265266,-1.6861651,-1.2313441,-1.6024307
-0.5671796,8.777655,-1.1127279,-0.36228907,-1.1133925,-1.7068183,-1.3177568,-1.5347389
-0.5602544,8.78339,-1.2050303,-0.4309271,-1.0269655,-1.6867697,-1.2327131,-1.6020666
-0.56058735,8.783215,-1.2059132,-0.4315396,-1.0265071,-1.6864104,-1.231675,-1.602615
-0.56052405,8.783253,-1.2044032,-0.4314347,-1.0262322,-1.6860577,-1.2334338,-1.6038749
-0.57938117,8.7825165,-1.1671613,-0.41701633,-1.0133778,-1.7015245,-1.2238188,-1.627381
-0.5605432,8.783089,-1.2061568,-0.43126738,-1.0274929,-1.6864202,-1.2316629,-1.6016202
-0.5659173,8.782029,-1.1759163,-0.43019086,-1.0510787,-1.6753927,-1.2508045,-1.6056162
-0.6369454,8.757555,-1.0946028,-0.45275557,-0.93703216,-1.7890121,-1.1417264,-1.7260878
-0.6374965,8.757269,-1.0975462,-0.4515341,-0.93622786,-1.7888931,-1.1399605,-1.7271119
-0.55770415,8.7820835,-1.2074316,-0.43964928,-1.030167,-1.6797888,-1.2324467,-1.601667
-0.55996674,8.7835865,-1.2060987,-0.43017057,-1.0270061,-1.6862464,-1.2333722,-1.601592
-1.8199574,-1.63649,0.43730375,0.958961,-1.7548834,-0.4092376,-0.7043493,4.3721323
-0.5602767,8.783005,-1.2062494,-0.43186703,-1.0278126,-1.6853459,-1.2319937,-1.6025949
-0.5530934,8.779175,-1.1970465,-0.45292068,-1.0482246,-1.6752074,-1.2352698,-1.5924035
-0.55975145,8.782938,-1.2067677,-0.43279663,-1.0281126,-1.6849145,-1.2317839,-1.6024089
-0.5603146,8.783688,-1.206086,-0.43107206,-1.0263598,-1.6863195,-1.2331879,-1.6011369
-0.5654953,8.782215,-1.1774136,-0.4286543,-1.051529,-1.6752081,-1.2516519,-1.6045221
-0.56046075,8.783089,-1.2060705,-0.4317736,-1.0268258,-1.6862985,-1.2317207,-1.6024143
-0.55988526,8.783039,-1.205099,-0.43181783,-1.0285966,-1.6860008,-1.2329032,-1.6026126
-0.6230364,8.762745,-1.0519578,-0.39417398,-1.0118413,-1.8079056,-1.1785648,-1.658641
-0.5873017,8.72846,-1.3726796,-0.5722795,-0.8459471,-1.5400352,-1.118911,-1.6751553
-0.5955526,8.772507,-1.0545431,-0.37052324,-1.0407506,-1.7257681,-1.2872189,-1.6591762
-0.554768,8.776657,-1.181538,-0.44263884,-1.0587234,-1.6873447,-1.2534081,-1.5608386
-0.56582606,8.781837,-1.1760361,-0.43083346,-1.051473,-1.6748407,-1.2514019,-1.6044106
-0.5938381,8.777693,-1.1340299,-0.39680624,-1.0424742,-1.7123439,-1.2555401,-1.6239446
-0.57079345,8.782886,-1.1645352,-0.42168915,-1.0350869,-1.6955094,-1.2384613,-1.6066431
-0.56014854,8.783062,-1.2054536,-0.4321439,-1.027681,-1.6851335,-1.23248,-1.6031243
-0.5601012,8.783066,-1.2064164,-0.4321282,-1.0274496,-1.6861333,-1.2318658,-1.6022464
-0.5742356,8.781928,-1.2139217,-0.43689108,-0.99459577,-1.708464,-1.1939317,-1.6216812
-0.6380897,8.757257,-1.0926136,-0.45358413,-0.9343549,-1.7926085,-1.139255,-1.7280269
-0.77415425,0.08281814,2.311906,-0.13578403,0.5497541,-1.2501252,0.79959655,-1.4139376
-0.56020135,8.783173,-1.2057775,-0.4313358,-1.0275404,-1.6859238,-1.2322242,-1.6027421
-0.56060165,8.783194,-1.2060795,-0.43153825,-1.0267041,-1.6859927,-1.2317158,-1.6030463
-0.55931085,8.78289,-1.2055761,-0.4332037,-1.0282997,-1.6864706,-1.2316657,-1.602362
-0.56272787,8.7847,-1.1984593,-0.4240542,-1.0263618,-1.686939,-1.2391636,-1.6024941
-0.56592023,8.782055,-1.177246,-0.43004885,-1.0506074,-1.6754227,-1.250699,-1.6042911
-0.5738339,8.764105,-1.0392987,-0.40411898,-1.1230248,-1.6731566,-1.3314688,-1.5842338
-0.59030586,8.730129,-1.3780245,-0.5694406,-0.8385979,-1.543911,-1.1286306,-1.6595165
-2.3846679,-0.7090744,-0.59907067,9.004516,-0.5484872,-2.5517597,-1.1898427,-0.9464399
-0.5594916,8.783774,-1.2018408,-0.4305178,-1.0298715,-1.6853261,-1.2380656,-1.5983851
-0.55995053,8.783423,-1.2054302,-0.4306247,-1.0272769,-1.6867099,-1.2323933,-1.6021715
-0.5601651,8.783091,-1.2053754,-0.43181562,-1.0278486,-1.6854537,-1.23235,-1.6030558
-0.5687557,8.782986,-1.1620643,-0.4227555,-1.0387789,-1.6918325,-1.2423279,-1.6076416
-0.5943175,8.77773,-1.1335129,-0.3977841,-1.0412606,-1.7121102,-1.2549989,-1.6239194
-0.5614088,8.783179,-1.2048873,-0.43076068,-1.0262028,-1.6865963,-1.231369,-1.6039579
-0.55938643,8.78289,-1.2066312,-0.4347473,-1.0271012,-1.6838174,-1.2326176,-1.6028857
-0.55972743,8.782944,-1.2067436,-0.4348172,-1.0267453,-1.6840032,-1.2322946,-1.6027651
-2.1572967,-0.595811,-0.388448,7.6654015,-0.22485806,-2.2358036,-1.2223432,-0.32589385
-0.55927604,8.783278,-1.2055655,-0.432724,-1.0270323,-1.6847761,-1.2330723,-1.6031309
-0.5596766,8.782767,-1.205884,-0.43450528,-1.0281234,-1.6841906,-1.2324215,-1.6019055
-0.5602414,8.783101,-1.2057743,-0.4318602,-1.0272883,-1.6854565,-1.2322534,-1.6029679
-0.559991,8.783325,-1.2053739,-0.43202287,-1.0264503,-1.6854789,-1.2325492,-1.6037456
-0.5602682,8.783448,-1.2052134,-0.43112928,-1.0263115,-1.6862391,-1.2330247,-1.6029866
-0.5602909,8.783003,-1.2061574,-0.4321089,-1.0281214,-1.6855235,-1.2318612,-1.6021355
-0.59458053,8.777389,-1.1326174,-0.39737952,-1.0404706,-1.7133443,-1.2540073,-1.6263672
-0.5953483,8.777491,-1.1302398,-0.39463255,-1.0438213,-1.7123775,-1.2578574,-1.6233941
-0.5541922,8.777586,-1.183671,-0.43864268,-1.0575812,-1.6879069,-1.2545576,-1.5613316
-0.59461004,8.777571,-1.1355957,-0.39662066,-1.0412691,-1.7121103,-1.2548428,-1.6233504
-0.55494034,8.777297,-1.1837376,-0.4390215,-1.0576838,-1.6874286,-1.2541406,-1.5613359
-0.64058346,8.755743,-1.0861806,-0.45313686,-0.9322592,-1.798206,-1.1350715,-1.7337157
-0.55953985,8.782889,-1.2073538,-0.43304944,-1.026772,-1.6864437,-1.2306986,-1.6024648
-0.5547812,8.777332,-1.1835506,-0.43924266,-1.0579166,-1.6866763,-1.2546506,-1.561494
-2.1056778,-0.4442904,-2.3074722,-1.2368726,-1.2293657,-1.5688307,9.611527,-2.806227
-0.049340688,-0.91885394,0.71141046,0.95393324,1.6940713,-0.083785824,0.4191767,-1.9636925
-0.5950318,8.777616,-1.1343778,-0.39634615,-1.040855,-1.7129188,-1.2548367,-1.6233493
-0.5603971,8.783073,-1.2056835,-0.43247843,-1.0266176,-1.6861068,-1.2314723,-1.6030797
-1.7011162,-1.4244496,-2.257825,-0.94846225,-1.2283055,-0.46931347,-1.8273714,9.918429
-2.18571,-0.45735306,-0.46185094,8.172738,-0.34383276,-2.4155025,-1.2811148,-0.66351867
-0.5593334,8.782971,-1.2043406,-0.43201932,-1.0288441,-1.6848884,-1.233355,-1.6036376
-0.55956954,8.783552,-1.2041308,-0.42921615,-1.0290958,-1.6847744,-1.2361393,-1.6000704
-0.56036085,8.783284,-1.2056185,-0.4312729,-1.0267414,-1.6858394,-1.2323712,-1.6032765
-1.2528309,6.284811,0.39241123,0.26549596,0.44014248,-2.1020384,-0.47562563,-2.775331
-0.5607105,8.783214,-1.2055743,-0.43100852,-1.0269537,-1.6862235,-1.2322857,-1.6025828
-0.5604771,8.783152,-1.2058029,-0.43166617,-1.0267502,-1.686287,-1.231714,-1.603094
-0.6108187,8.761127,-1.1093944,-0.45583475,-0.98007685,-1.7929065,-1.1468836,-1.6831573
-0.5940358,8.777733,-1.134831,-0.3969285,-1.0414706,-1.7118744,-1.2553215,-1.6241137
-0.56022745,8.783251,-1.2059608,-0.43196017,-1.0262125,-1.685312,-1.2322955,-1.6035607
-1.812625,-2.8573682,0.119644836,-0.24259108,-2.4433565,8.173115,-0.58437943,-1.384326
-1.3261949,-1.606577,9.177653,-1.6673261,-1.4990488,-0.9823424,-2.1183567,-2.2003305
-1.2639643,-1.4561015,9.202272,-1.702808,-1.3644508,-1.2202554,-2.0480032,-2.2230744
-1.3143195,-1.532214,9.197973,-1.6785504,-1.4371545,-1.077693,-2.10966,-2.210943
-1.3118665,-1.5281266,9.198482,-1.6818732,-1.4322428,-1.081973,-2.1091595,-2.2116382
-1.2771739,-1.4521589,9.196762,-1.6873039,-1.3568286,-1.2294358,-2.0419288,-2.2237241
-1.278349,-1.4541122,9.19655,-1.6873312,-1.3571376,-1.2281458,-2.0412753,-2.2231889
-1.2952353,-1.4841156,9.202458,-1.6903142,-1.3930527,-1.1407055,-2.08983,-2.2193453
-1.2770009,-1.4523258,9.196858,-1.6872936,-1.3571426,-1.2292666,-2.041972,-2.223757
-1.2909058,-1.4633206,9.19958,-1.6789583,-1.3675067,-1.1922944,-2.0713708,-2.2251673
-1.3142499,-1.5338175,9.19774,-1.6791546,-1.4374362,-1.0758181,-2.11009,-2.2101686
-1.2771243,-1.452746,9.196849,-1.6869226,-1.357196,-1.2291634,-2.0421968,-2.223466
-1.2773808,-1.4524548,9.196742,-1.6876329,-1.3571079,-1.229321,-2.041595,-2.2235754
-1.3116956,-1.5262549,9.19884,-1.6834794,-1.4317603,-1.0856544,-2.1070879,-2.2096777
-1.3146582,-1.5328883,9.197962,-1.6777962,-1.4375294,-1.0763512,-2.1103263,-2.210867
-1.3144139,-1.5325718,9.1980095,-1.6781759,-1.4373266,-1.0760099,-2.1110287,-2.2109473
-1.2770729,-1.4527229,9.19687,-1.6867516,-1.3571569,-1.2295265,-2.0419679,-2.2237945
-1.2870399,-1.4646086,9.200768,-1.6797054,-1.3664998,-1.1954075,-2.0728068,-2.222171
-1.3033378,-1.5421634,9.198563,-1.6823571,-1.4407338,-1.0753826,-2.1098251,-2.2109714
-1.3034033,-1.5417429,9.198513,-1.6827272,-1.4410092,-1.0746605,-2.1104345,-2.210478
-1.2781501,-1.4557248,9.195849,-1.6845778,-1.3547753,-1.2369611,-2.0353565,-2.2237854
-1.2776412,-1.452746,9.196998,-1.6869473,-1.357513,-1.2277724,-2.0429952,-2.2239573
-1.314423,-1.5328735,9.197977,-1.6779839,-1.4372803,-1.0762813,-2.1103802,-2.21122
-1.2746406,-1.4462388,9.197116,-1.6846011,-1.3540573,-1.236591,-2.044924,-2.2230818
-0.96402574,-1.9477665,8.6417675,-1.4557844,-1.6671828,-0.5778206,-1.9223747,-2.1294966
-1.3129696,-1.5321225,9.198179,-1.6804844,-1.4358503,-1.0780158,-2.1091332,-2.210757
-1.2998763,-1.4743143,9.207685,-1.6492,-1.4077632,-1.1157897,-2.1363406,-2.2347705
-1.2771342,-1.4526178,9.196794,-1.6873235,-1.3567694,-1.22928,-2.0419083,-2.2237399
-1.2953482,-1.4837893,9.20239,-1.6899418,-1.3930625,-1.1413167,-2.0900216,-2.2190607
-1.2776612,-1.4530063,9.197854,-1.6878054,-1.3613256,-1.2225366,-2.0457044,-2.223385
-1.2754449,-1.4463569,9.197037,-1.6848303,-1.3539586,-1.235476,-2.0455027,-2.222585
-1.277903,-1.4529485,9.197129,-1.6876044,-1.3582885,-1.2270985,-2.0432527,-2.2229903
-0.9649865,-0.84339774,4.000895,-0.7657378,-1.2095822,-0.81767637,1.0136917,-0.73999685
-1.2943457,-1.4853686,9.202233,-1.6920496,-1.3925139,-1.1389755,-2.0907876,-2.2182093
-1.2959046,-1.4890941,9.202049,-1.692984,-1.3948387,-1.1338778,-2.091963,-2.2167916
-1.2771941,-1.4523041,9.196757,-1.6873513,-1.3568691,-1.2294058,-2.0417893,-2.2238023
-1.2948761,-1.484004,9.202214,-1.690081,-1.3910619,-1.1415856,-2.0902734,-2.2193863
-1.0176717,0.09076903,2.3312285,0.7859681,0.8666213,-1.2908,0.0035462154,-1.4901041
-1.2771219,-1.4522241,9.196817,-1.6876241,-1.3572134,-1.2291946,-2.0419607,-2.2234704
-1.2769257,-1.4513154,9.196844,-1.6874129,-1.3566046,-1.2295184,-2.0422215,-2.2242537
-1.2770746,-1.4526355,9.19695,-1.6876036,-1.3584212,-1.2282534,-2.0420127,-2.2235653
-1.2977048,-1.4714928,9.200755,-1.6827021,-1.3785411,-1.1655407,-2.0846992,-2.2222145
-1.3061045,-1.4985827,9.201555,-1.6736815,-1.403562,-1.1213485,-2.1087735,-2.2198987
-1.3206726,-1.5546807,9.193779,-1.6744012,-1.4584879,-1.0423536,-2.1153255,-2.2073405
-1.3139687,-1.5317653,9.1981125,-1.6787685,-1.436663,-1.0781193,-2.1099463,-2.2109032
-1.2989979,-1.4969162,9.2025795,-1.6882116,-1.4009961,-1.1256466,-2.0956469,-2.2185805
-1.278125,-1.4501342,9.197198,-1.6913152,-1.3504304,-1.2257743,-2.0454946,-2.2276213
-1.2753204,-1.4453967,9.197986,-1.684714,-1.3563136,-1.2307074,-2.049339,-2.2235382
-1.2768952,-1.4514302,9.197955,-1.6881431,-1.3607544,-1.2227939,-2.0464573,-2.2238948
-1.2769724,-1.4513142,9.196796,-1.6876842,-1.3569746,-1.2299154,-2.0415525,-2.2237227
-1.3146267,-1.5335244,9.19786,-1.6779706,-1.4368602,-1.0755056,-2.1105943,-2.2114131
-1.2752444,-1.4459456,9.196891,-1.6843812,-1.3532149,-1.2364714,-2.0450683,-2.2231424
-1.3253292,-1.6045057,9.177463,-1.6676859,-1.4968494,-0.98374134,-2.11895,-2.2025878
-1.3090082,-1.5184131,9.201695,-1.6665863,-1.4204988,-1.1076155,-2.105632,-2.2235684
-1.2953144,-1.4730483,9.207103,-1.6657717,-1.3928632,-1.1500959,-2.1081557,-2.2332952
-1.3144897,-1.5323137,9.198166,-1.6777287,-1.4372376,-1.0770037,-2.1103232,-2.211346
-1.3127466,-1.5269887,9.199314,-1.6794327,-1.4347575,-1.0849973,-2.1077485,-2.2107584
-1.2776531,-1.4525265,9.196729,-1.6871084,-1.3565848,-1.2290533,-2.0420167,-2.2239766
-1.2589592,-1.4918376,9.202587,-1.7087945,-1.3943471,-1.1865631,-2.0545986,-2.2020538
-1.29749,-1.4892,9.201958,-1.6900707,-1.3898736,-1.1380967,-2.092476,-2.220549
-1.31263,-1.5259463,9.1988735,-1.6792058,-1.4292475,-1.0885702,-2.105876,-2.2135322
-1.2088112,-1.7457935,8.501896,-1.3297821,-1.5547503,-0.5419298,-1.9273658,-2.1200595
-1.2771498,-1.452486,9.196899,-1.6874136,-1.3573458,-1.2290225,-2.0420132,-2.2237444
-1.2782816,-1.4505048,9.197631,-1.6911465,-1.3516637,-1.2235858,-2.0475318,-2.2274463
-1.275967,-1.4545797,9.194947,-1.6890844,-1.3477203,-1.2365838,-2.0356178,-2.224618
-1.2773713,-1.4538738,9.197054,-1.688428,-1.3585337,-1.2272453,-2.0419807,-2.2232056
-0.027606525,-0.9703287,0.69271827,0.85687256,1.7525853,-0.11405807,0.5453048,-1.9838903
-1.2771648,-1.4518563,9.196761,-1.6876634,-1.3568419,-1.2295012,-2.0419438,-2.2236063
-1.3145868,-1.5330766,9.197897,-1.6783807,-1.4371828,-1.0757816,-2.110353,-2.211081
-1.2771991,-1.4544004,9.197434,-1.6897326,-1.360343,-1.2245113,-2.0434241,-2.2224205
-1.277277,-1.4527252,9.19663,-1.6874754,-1.3570334,-1.2294056,-2.0415304,-2.2231271
-1.306053,-1.4958456,9.201325,-1.6827139,-1.4008057,-1.1359787,-2.0896375,-2.2186782
-1.3600694,-1.6230375,9.111776,-1.6291267,-1.4345728,-0.9407752,-2.086735,-2.2744963
-1.3261412,-1.6055417,9.177931,-1.6668323,-1.4981031,-0.9840451,-2.1186411,-2.200423
-1.2770799,-1.4525123,9.196873,-1.6873907,-1.3573507,-1.2289307,-2.0420353,-2.223612
-1.2770848,-1.4522359,9.196839,-1.6872771,-1.3572178,-1.229289,-2.0420191,-2.223532
-1.3603774,-1.6195885,9.114984,-1.6295601,-1.4347531,-0.94428617,-2.0879815,-2.2741225
-1.3603562,-1.6201631,9.114474,-1.6293218,-1.4354532,-0.9432743,-2.0881553,-2.2737567
-1.2780478,-1.452776,9.196613,-1.6866769,-1.3564514,-1.2294762,-2.0415754,-2.2239277
-1.6540972,-2.0084205,8.4075575,-1.1745074,-1.8875705,0.41109115,-2.0401003,-2.0471573
-1.2771307,-1.4526325,9.196815,-1.6867074,-1.3569843,-1.2294132,-2.0421648,-2.223672
-1.2942668,-1.4829127,9.203155,-1.685217,-1.3928087,-1.1714032,-2.0737684,-2.2186139
-1.2770435,-1.4524791,9.196965,-1.6876546,-1.3576885,-1.2285414,-2.0421824,-2.2236583
-1.288884,-1.4601823,9.199336,-1.680854,-1.3627053,-1.1962339,-2.0700848,-2.2266815
-1.2767998,-1.4527962,9.196813,-1.6882844,-1.3578202,-1.2292933,-2.0409486,-2.2231662
-1.277817,-1.4525999,9.196692,-1.6879534,-1.3570107,-1.2290266,-2.041735,-2.2233315
-1.312833,-1.5284835,9.198711,-1.6802305,-1.4346673,-1.0825672,-2.108748,-2.2107315
-1.323052,-1.558692,9.192083,-1.6743745,-1.4616493,-1.0374823,-2.1156583,-2.2056668
-1.2772033,-1.4523875,9.196764,-1.6874028,-1.3569614,-1.2292802,-2.041854,-2.223668
-1.2752457,-1.4460598,9.196946,-1.684368,-1.3533087,-1.2363546,-2.0452166,-2.223109
-1.2772713,-1.4524187,9.196771,-1.6872389,-1.3569444,-1.2292207,-2.0419397,-2.2237132
-1.2751735,-1.4457345,9.19681,-1.6845164,-1.3528248,-1.236703,-2.0449865,-2.223218
-1.3254217,-1.6044728,9.177485,-1.6682492,-1.4965057,-0.98422676,-2.1182523,-2.2025368
-1.2120956,-1.7452835,8.502343,-1.3265612,-1.5523752,-0.54336745,-1.9296402,-2.119305
-1.2767733,-1.4520401,9.196767,-1.687663,-1.3570125,-1.2296166,-2.0417435,-2.2235677
-1.2771308,-1.4520872,9.196825,-1.6876159,-1.3572512,-1.2291744,-2.0420272,-2.2235043
-1.2762154,-1.4521753,9.196409,-1.6882603,-1.3568994,-1.2300894,-2.040513,-2.2229702
-1.3027945,-1.5409185,9.198806,-1.6827335,-1.4400072,-1.0769376,-2.1096005,-2.2107842
-1.3118814,-1.5267359,9.1989,-1.6806021,-1.430771,-1.086092,-2.1068912,-2.2131035
-1.2773782,-1.4519812,9.198178,-1.6880676,-1.3614161,-1.2212796,-2.047037,-2.2242362
-1.2973794,-1.4935632,9.202831,-1.6928515,-1.4047908,-1.1201866,-2.0969481,-2.2162511
-1.2772804,-1.4525815,9.196763,-1.6874897,-1.3568784,-1.2291892,-2.0418544,-2.2236056
-1.3157678,-1.540589,9.196492,-1.6790291,-1.4429983,-1.0662739,-2.1115236,-2.208978
-1.348275,-1.5482206,9.153355,-1.6564423,-1.439351,-1.0088239,-2.1007712,-2.2669106
-1.3138098,-1.5321835,9.198131,-1.6790067,-1.4368082,-1.0778418,-2.1099176,-2.2105765
-1.2771066,-1.4523305,9.1968355,-1.6873741,-1.3570071,-1.2291048,-2.042082,-2.2238119
-1.3017374,-1.5334543,9.199906,-1.6811099,-1.434126,-1.0875905,-2.109082,-2.212352
-1.2768735,-1.4520403,9.196638,-1.6877977,-1.3566178,-1.2299954,-2.0411863,-2.2236211
-1.2772375,-1.4512657,9.196588,-1.6882305,-1.356522,-1.2301766,-2.0414062,-2.2233124
-1.2764733,-1.4551553,9.195048,-1.689408,-1.348612,-1.23581,-2.0355973,-2.224066
-1.3128355,-1.5309892,9.198489,-1.679639,-1.4360884,-1.078542,-2.1101656,-2.2111304
-1.2945954,-1.4842035,9.202384,-1.6907705,-1.3929542,-1.1414466,-2.0893588,-2.2190874
-1.3089595,-1.5247064,9.199633,-1.6830723,-1.4292175,-1.087477,-2.1082754,-2.2111135
-1.2771863,-1.4533561,9.196883,-1.6867099,-1.357674,-1.2289441,-2.0421054,-2.223261
-1.2772278,-1.4525464,9.196617,-1.6874064,-1.3567016,-1.229448,-2.04171,-2.2231796
-1.2949289,-1.4851266,9.202218,-1.6911315,-1.3931564,-1.1396571,-2.0902853,-2.21817
-1.3136955,-1.5319463,9.19818,-1.6790227,-1.4366313,-1.0782824,-2.1097157,-2.2107377
-1.313711,-1.5321106,9.198153,-1.6790621,-1.4368838,-1.0776641,-2.110001,-2.210778
-1.2775398,-1.4525907,9.196904,-1.6872233,-1.3571242,-1.2281929,-2.0426302,-2.223639
-1.2768599,-1.4519987,9.197921,-1.689051,-1.359988,-1.2227769,-2.046636,-2.2232606
-1.3127955,-1.5291573,9.198386,-1.6816624,-1.4334892,-1.0820081,-2.1072807,-2.2119634
-1.2776636,-1.4530979,9.197317,-1.6870642,-1.3593423,-1.2269509,-2.0433729,-2.223386
-1.2777342,-1.4527742,9.196771,-1.6868738,-1.3569207,-1.2289354,-2.0421307,-2.2237334
-1.2945875,-1.4838239,9.202331,-1.6904308,-1.3919743,-1.1418767,-2.0896392,-2.2193353
-1.3083386,-1.5417074,9.196904,-1.671359,-1.4467705,-1.0629485,-2.1275506,-2.209881
-1.2835717,-1.4586384,9.2032175,-1.6977745,-1.3869256,-1.1816099,-2.069636,-2.215243
-1.2772863,-1.452276,9.197677,-1.6876419,-1.3596534,-1.2235239,-2.0458398,-2.2238588
-1.3099228,-1.5198332,9.199616,-1.679504,-1.4217936,-1.0970943,-2.1058085,-2.2146876
-1.0811031,0.31438515,5.529133,-0.23010486,-0.3553075,-1.6075146,-0.62265444,-1.9907857
-1.2959242,-1.4847667,9.202392,-1.6902575,-1.3928385,-1.1397083,-2.0906982,-2.2191803
-1.360278,-1.6173757,9.116536,-1.6302108,-1.4343041,-0.9466937,-2.0883017,-2.2742724
-1.2789485,-1.4539225,9.196901,-1.6875895,-1.3577751,-1.2279854,-2.0416784,-2.2236395
-1.31179,-1.5411175,9.195964,-1.6803507,-1.4652834,-1.049623,-2.1197762,-2.20439
-1.3138775,-1.5318836,9.198073,-1.6792558,-1.4360584,-1.0783432,-2.109387,-2.2107456
-1.3526509,-1.5605837,9.145741,-1.6481094,-1.4337562,-0.99888754,-2.0987322,-2.2724679
-1.2806356,-1.4625055,9.197378,-1.6865606,-1.3647918,-1.2222838,-2.041786,-2.2194893
-1.2774158,-1.4517163,9.19653,-1.6871809,-1.3558979,-1.2305777,-2.0410554,-2.2242248
-1.275186,-1.4457847,9.196932,-1.6843727,-1.3531957,-1.2365183,-2.0452654,-2.2231216
-1.2771434,-1.452657,9.196939,-1.687576,-1.3576969,-1.228694,-2.042097,-2.2236865
-1.2772874,-1.4530181,9.197921,-1.6867709,-1.357581,-1.2244785,-2.0472064,-2.2254078
-1.2871233,-1.4654003,9.200688,-1.6797599,-1.3668908,-1.1956606,-2.0721238,-2.2217252
-1.2927476,-1.4743448,9.20169,-1.6917228,-1.3896158,-1.1761255,-2.0669653,-2.2171204
-1.2823546,-1.4688929,9.201104,-1.696551,-1.3816243,-1.1878002,-2.067915,-2.211098
-1.2768625,-1.4510628,9.196845,-1.6874503,-1.356449,-1.2296922,-2.0422788,-2.2242875
-1.2771581,-1.4507248,9.197085,-1.6869897,-1.3560971,-1.2279385,-2.0437963,-2.2248647
-1.2997591,-1.5007697,9.203584,-1.6774476,-1.4192027,-1.1219018,-2.1058292,-2.2125962
-1.2772715,-1.4523182,9.196774,-1.6872808,-1.3568326,-1.2293603,-2.0418706,-2.2237961
-1.2771724,-1.4545876,9.195962,-1.684718,-1.3539349,-1.2387228,-2.034497,-2.2247922
-1.2867955,-1.4625827,9.200019,-1.6759433,-1.3623408,-1.2022654,-2.0700128,-2.224652
-1.3486546,-1.5862274,9.141526,-1.6555938,-1.4526967,-0.97058636,-2.0969558,-2.260289
-1.2768925,-1.4521112,9.196843,-1.6876603,-1.3570406,-1.2291694,-2.041885,-2.223808
-1.2771257,-1.452402,9.196815,-1.6873719,-1.3570651,-1.2291927,-2.041904,-2.2236285
-1.3727404,-1.7027582,9.054923,-1.5785183,-1.4433352,-0.8546167,-2.080589,-2.2579095
-1.2768831,-1.4525115,9.196909,-1.6874194,-1.3572227,-1.2291467,-2.0421886,-2.2234838
-1.3130985,-1.5301884,9.198438,-1.6804498,-1.4361546,-1.078083,-2.1103096,-2.212021
-1.275726,-1.4454044,9.196573,-1.6835376,-1.3521495,-1.238459,-2.04415,-2.2231739
-1.2772886,-1.4526805,9.196696,-1.6871301,-1.3569998,-1.2295367,-2.0415585,-2.2236764
-1.2748493,-1.4455405,9.197164,-1.6845132,-1.3537239,-1.2363018,-2.0457413,-2.2230847
-1.277501,-1.4535146,9.196839,-1.6874319,-1.3579451,-1.2284861,-2.0417986,-2.222934
-1.3130366,-1.5297885,9.198629,-1.6792943,-1.4356548,-1.0804638,-2.109424,-2.2112439
-1.312667,-1.5312952,9.198326,-1.6805471,-1.4348783,-1.0796348,-2.1086907,-2.2107618
-1.3122767,-1.5308431,9.198415,-1.6810973,-1.4336811,-1.0800598,-2.1081598,-2.2117822
-1.2776443,-1.4515398,9.197365,-1.6883249,-1.3582994,-1.2250898,-2.0451417,-2.223392
-1.3087915,-1.5151937,9.202341,-1.6597565,-1.4100481,-1.120307,-2.1033633,-2.229721
-1.2774976,-1.4535514,9.196816,-1.6872988,-1.3579797,-1.2287581,-2.0415602,-2.2231028
-1.210539,-1.7447067,8.504727,-1.3284206,-1.5522624,-0.54530853,-1.9308892,-2.1202903
-1.0956663,-1.6578654,7.748863,-0.9709361,-1.3325995,-0.69660324,-1.602492,-1.7780513
-1.2771243,-1.452237,9.196856,-1.6873368,-1.3572252,-1.2291477,-2.0420446,-2.2237208
-1.2771844,-1.452378,9.19678,-1.6872922,-1.3570063,-1.229296,-2.0419137,-2.2236307
-1.2771134,-1.4523845,9.196809,-1.6873626,-1.3570236,-1.2291155,-2.0420055,-2.223746
-1.2767087,-1.4521387,9.196925,-1.6878176,-1.3574024,-1.2286762,-2.0421274,-2.2238507
-1.2836881,-1.4587009,9.203094,-1.6976303,-1.3865099,-1.1822753,-2.0691605,-2.2152255
-1.2773122,-1.4523906,9.196715,-1.6866754,-1.3564144,-1.2298576,-2.0420043,-2.2239172
-1.2771739,-1.4525484,9.196742,-1.6872941,-1.3568584,-1.2295805,-2.0417774,-2.2235239
-1.277121,-1.452502,9.196909,-1.6872497,-1.3573333,-1.2288456,-2.0424454,-2.2233942
-1.27716,-1.4518632,9.197881,-1.6878957,-1.3605539,-1.2229167,-2.0461743,-2.2238824
-1.3040937,-1.5125445,9.200997,-1.6981951,-1.423303,-1.0862721,-2.1045077,-2.209513
-1.4829563,-0.006486928,2.9131024,1.6754788,0.047475506,-1.495191,-0.6696629,-0.7638792
-1.3122128,-1.5299429,9.198461,-1.6804162,-1.431662,-1.0827582,-2.1083322,-2.2110415
-0.9773482,0.101523034,2.3473465,0.5633896,0.8475776,-1.2088907,0.093512096,-1.5067832
-1.2792865,-1.4577004,9.196991,-1.6876973,-1.362997,-1.2261643,-2.038389,-2.2217963
-1.2985828,-1.4917883,9.202949,-1.6905385,-1.4043697,-1.123555,-2.0955935,-2.21858
0.2036174,-2.7635837,2.0403447,-1.7597576,-3.1564388,1.8227522,3.3048882,-1.5503479
-1.2777611,-1.4532663,9.196786,-1.687069,-1.356867,-1.2288401,-2.0421395,-2.2234924
-1.3113624,-1.5287093,9.198882,-1.6809872,-1.4314406,-1.0842462,-2.108202,-2.2108357
-1.3131703,-1.5327727,9.198058,-1.6796731,-1.4365133,-1.076238,-2.110538,-2.2109776
-1.3133062,-1.5318133,9.198176,-1.6790683,-1.4365329,-1.0769461,-2.110323,-2.211242
-1.3120049,-1.5300356,9.198601,-1.6814427,-1.4334728,-1.0804942,-2.108214,-2.211628
-1.2945961,-1.4865083,9.202237,-1.6914498,-1.3927346,-1.1388791,-2.0905879,-2.2182295
-1.3072399,-1.5190796,9.200122,-1.6910297,-1.430375,-1.082747,-2.1093605,-2.211924
-1.2776546,-1.452572,9.196566,-1.6864809,-1.3561403,-1.2298074,-2.0419378,-2.2236626
-1.3147713,-1.5332104,9.197815,-1.6781908,-1.4364604,-1.0761148,-2.1101968,-2.2111585
-1.277125,-1.452888,9.196878,-1.6868501,-1.3573946,-1.2290757,-2.042293,-2.2233555
-1.2774777,-1.4519354,9.197791,-1.6877794,-1.3602781,-1.223181,-2.0458791,-2.22395
-1.296831,-1.4921849,9.202886,-1.6928722,-1.4027733,-1.1231529,-2.0963159,-2.216623
-1.2771012,-1.4531679,9.196777,-1.6870484,-1.357485,-1.22931,-2.0417953,-2.2230985
-1.3105656,-1.5260906,9.199407,-1.6806082,-1.4301921,-1.0869793,-2.1079955,-2.2127945
-1.3142791,-1.5338621,9.197765,-1.6790247,-1.4384543,-1.0748801,-2.1105306,-2.210419
-1.3171011,-1.5417917,9.196085,-1.6818733,-1.4493972,-1.0649183,-2.107518,-2.2062519
-1.2787069,-1.4534601,9.197058,-1.6868628,-1.3572698,-1.2270823,-2.0437489,-2.223656
-1.295457,-1.4874305,9.202261,-1.6905322,-1.3945342,-1.1373723,-2.090765,-2.2186322
-1.2951907,-1.485993,9.202117,-1.6907626,-1.3921969,-1.139696,-2.0902178,-2.2186985
-1.2770559,-1.4532688,9.196832,-1.6871345,-1.3577172,-1.2292516,-2.0416799,-2.2231755
-1.3154769,-1.536482,9.19709,-1.6782604,-1.4385283,-1.0734049,-2.110145,-2.2105536
-1.3049502,-1.5099255,9.202314,-1.6891762,-1.4253534,-1.1003468,-2.103725,-2.2099001
-1.3144001,-1.5329207,9.197883,-1.6786898,-1.437631,-1.0764823,-2.1101131,-2.2106044
-1.2952428,-1.4850647,9.202235,-1.6899514,-1.3929473,-1.1402161,-2.0902991,-2.2189426
-1.277192,-1.4531552,9.196999,-1.6870744,-1.358126,-1.228792,-2.0422113,-2.2230759
-1.3065569,-1.5002834,9.201387,-1.6753076,-1.4038507,-1.1193006,-2.1079316,-2.2202327
-1.2785742,-1.4531242,9.197583,-1.6868814,-1.3598491,-1.223977,-2.0456755,-2.222726
-1.3131949,-1.5444037,9.196941,-1.6712722,-1.455985,-1.06177,-2.1185558,-2.2094023
-1.2770079,-1.4531673,9.196995,-1.6868763,-1.3581555,-1.2285032,-2.0424113,-2.2232716
-1.3142474,-1.5336808,9.197809,-1.6788281,-1.4377775,-1.0759522,-2.1102087,-2.2102475
-1.294956,-1.4854034,9.202262,-1.6907133,-1.3927648,-1.1402963,-2.0899584,-2.2185628
-1.2944592,-1.4849553,9.20209,-1.6910971,-1.3907279,-1.1416831,-2.0896318,-2.2185915
-1.3146445,-1.5325423,9.197908,-1.6787859,-1.4367517,-1.0764582,-2.109905,-2.2116778
-1.2765714,-1.451166,9.198281,-1.6882333,-1.3605486,-1.2216797,-2.047964,-2.2246757
-1.297702,-1.48448,9.201222,-1.6822252,-1.3848377,-1.1510942,-2.0876956,-2.2211897
-1.2766558,-1.4530703,9.196849,-1.6879231,-1.3580629,-1.2293024,-2.040726,-2.2234576
-1.2768906,-1.4535544,9.196982,-1.6875213,-1.3585562,-1.228397,-2.0415184,-2.2234223
-1.2773734,-1.4514077,9.197823,-1.6879529,-1.3600951,-1.2232358,-2.0463123,-2.2237628
-1.3026701,-1.509331,9.201449,-1.6978083,-1.419536,-1.0924797,-2.1030169,-2.2109022
-1.2765957,-1.4516116,9.197923,-1.6877397,-1.3602115,-1.2247418,-2.0449545,-2.2245104
-1.3028631,-1.5093623,9.201373,-1.6975366,-1.4186205,-1.092723,-2.103392,-2.21079
-1.2947291,-1.4861189,9.20235,-1.6923558,-1.3942977,-1.1386287,-2.0899556,-2.2176254
-1.279015,-1.4507748,9.197858,-1.6897548,-1.360297,-1.2170653,-2.0507464,-2.2222688
-1.2768865,-1.4525328,9.196765,-1.6877261,-1.3571609,-1.2291362,-2.0418959,-2.2232997
-1.2779256,-1.4529946,9.196713,-1.6868542,-1.3568813,-1.2290345,-2.0421395,-2.223359
-1.2766775,-1.450877,9.198071,-1.6882042,-1.3603163,-1.2236304,-2.0459862,-2.22456
-1.2784754,-1.4529892,9.198266,-1.6890017,-1.3620464,-1.2214147,-2.046167,-2.2239459
-1.2771215,-1.4531568,9.196898,-1.6869612,-1.3576236,-1.2289029,-2.042212,-2.2232904
-1.2950933,-1.4857994,9.202271,-1.6908675,-1.3931824,-1.1391575,-2.090292,-2.2186787
-1.2773412,-1.453385,9.19666,-1.6867675,-1.3571402,-1.2294445,-2.0416138,-2.2230127
-1.295462,-1.4885646,9.202399,-1.6940881,-1.3972067,-1.1310503,-2.0930643,-2.2169518
-1.3618544,-1.6488487,9.155094,-1.6411613,-1.6186312,-0.8907488,-2.1063082,-2.1549752
-1.293844,-1.4885963,9.201358,-1.6944671,-1.3867987,-1.1424934,-2.0865612,-2.218509
-1.2778581,-1.4524926,9.196483,-1.6870538,-1.3562301,-1.2304509,-2.041015,-2.2232034
-1.2776011,-1.4546314,9.19728,-1.6882304,-1.359495,-1.2252781,-2.0434794,-2.222787
-1.2947621,-1.4846781,9.202082,-1.6912358,-1.3913951,-1.1419578,-2.0891628,-2.2184217
-1.3148843,-1.5457646,9.19604,-1.6710562,-1.4568065,-1.0581455,-2.118373,-2.2094758
-1.2771951,-1.453044,9.197621,-1.6825126,-1.3576955,-1.2313513,-2.0476093,-2.2207372
-1.2778004,-1.4520662,9.196552,-1.687217,-1.3557872,-1.2297914,-2.0418553,-2.2237365
-1.2783055,-1.4527144,9.19723,-1.6872568,-1.3575026,-1.2268271,-2.0441208,-2.223934
-1.297524,-1.4937037,9.202788,-1.6930093,-1.4048375,-1.1200114,-2.0969527,-2.2159855
-1.2978951,-1.4949037,9.202906,-1.6926359,-1.4061786,-1.1172701,-2.0985503,-2.2161088
-1.2989291,-1.4959818,9.203006,-1.6925324,-1.409151,-1.1159837,-2.0977573,-2.2155144
-1.297441,-1.4945933,9.202767,-1.6928395,-1.4053029,-1.1201551,-2.0965738,-2.2155883
-1.2974074,-1.4932841,9.202837,-1.693075,-1.4049754,-1.1198661,-2.097124,-2.216091
-1.3266484,-1.5720972,9.183187,-1.6464663,-1.4674854,-1.0130666,-2.1344144,-2.2237413
-1.2761313,-1.4513284,9.198558,-1.6896721,-1.3621734,-1.2201263,-2.0487509,-2.2231176
-1.2768096,-1.4513494,9.198333,-1.6894536,-1.3615202,-1.2203472,-2.048798,-2.2226565
-1.2767476,-1.4514911,9.198326,-1.6893892,-1.3613907,-1.2203443,-2.0485334,-2.2231777
-1.276896,-1.4515234,9.198306,-1.6891333,-1.3612599,-1.2204051,-2.048739,-2.2229433
-1.3108071,-1.5284666,9.199206,-1.6800566,-1.4332879,-1.0852194,-2.1084616,-2.210706
-1.2589003,-1.4925095,9.202796,-1.7082086,-1.3961954,-1.1870395,-2.0539808,-2.2012093
-1.2909652,-1.4749775,9.201365,-1.6829501,-1.3769892,-1.165535,-2.0831876,-2.2221398
-1.2773366,-1.4522249,9.196721,-1.6872989,-1.3569304,-1.2292666,-2.041929,-2.2237108
-1.2776843,-1.4535979,9.196744,-1.6869761,-1.3575319,-1.2292961,-2.041412,-2.2231803
-1.2775483,-1.4524764,9.197007,-1.6874639,-1.3574728,-1.2281247,-2.0431035,-2.22353
-1.2769394,-1.4527503,9.197175,-1.6885799,-1.3585767,-1.2267101,-2.0433638,-2.2231011
-1.276925,-1.4525529,9.196893,-1.6873782,-1.3574659,-1.2289817,-2.0420275,-2.2236092
-1.2772132,-1.4527717,9.196886,-1.6779497,-1.3549446,-1.2349564,-2.0449393,-2.2255237
-1.2772158,-1.4520854,9.19698,-1.6875709,-1.3579328,-1.2285483,-2.042215,-2.2238123
-1.2771869,-1.4525346,9.196818,-1.6873794,-1.3571259,-1.2291543,-2.041723,-2.223827
-1.294664,-1.4854691,9.202121,-1.6911186,-1.3916799,-1.1407056,-2.0897717,-2.2185912
-1.3125689,-1.5309283,9.198494,-1.6797415,-1.4350787,-1.0780257,-2.110072,-2.2117162
-1.2946483,-1.4854789,9.202118,-1.6910362,-1.3915747,-1.1407509,-2.089828,-2.2185285
-1.2773126,-1.4519452,9.196611,-1.6872609,-1.3562223,-1.2301047,-2.0413802,-2.224013
-1.29477,-1.4853657,9.202138,-1.6907846,-1.3918205,-1.1411941,-2.0896738,-2.218394
-1.2793733,-1.455134,9.196853,-1.6875101,-1.3586321,-1.227426,-2.041355,-2.2230117
-1.2943722,-1.4858996,9.202249,-1.6922694,-1.3933461,-1.138762,-2.0903676,-2.217709
-1.2769874,-1.4535083,9.196944,-1.6875064,-1.3584088,-1.2284995,-2.0414853,-2.2234478
-1.2762293,-1.4536558,9.197332,-1.6881596,-1.3596798,-1.227639,-2.041884,-2.2233455
-1.2772025,-1.45251,9.196853,-1.6874751,-1.3573402,-1.2289948,-2.0419974,-2.2235925
-1.2945302,-1.4850618,9.202167,-1.6914943,-1.3916467,-1.1404921,-2.090097,-2.2183762
-1.2773516,-1.4525357,9.196778,-1.6871634,-1.3570246,-1.2290397,-2.0420167,-2.2235546
-1.2945219,-1.4853774,9.202145,-1.6912199,-1.391452,-1.1408944,-2.0898366,-2.2185144
-1.2976278,-1.4937673,9.202753,-1.6928976,-1.4050103,-1.1198188,-2.0970292,-2.2159665
-1.2763997,-1.4518431,9.198201,-1.6878451,-1.3611685,-1.2236292,-2.0457554,-2.2243822
-1.2762936,-1.4505394,9.197892,-1.6873525,-1.3594464,-1.225287,-2.045263,-2.2254465
-1.277126,-1.4509796,9.197988,-1.6883638,-1.3602606,-1.223632,-2.045561,-2.2246244
-1.2947222,-1.485355,9.202098,-1.6908541,-1.3912523,-1.1408162,-2.0899825,-2.2187026
-1.3152231,-1.5453192,9.197063,-1.692542,-1.4646202,-1.0331254,-2.1148663,-2.2003353
-1.2946904,-1.485804,9.202136,-1.6912316,-1.391941,-1.140183,-2.089972,-2.2183428
-1.7794648,-2.857633,-0.53997535,-0.16747746,-2.4515343,8.339188,-0.35333735,-1.186714
-1.306655,-1.5016721,9.201476,-1.675149,-1.4075165,-1.1176726,-2.1078777,-2.2190964
-1.2784685,-1.4562145,9.196092,-1.6843271,-1.3555676,-1.2353559,-2.036398,-2.2239425
-1.2945638,-1.4852,9.202121,-1.6908303,-1.391323,-1.1413444,-2.0897155,-2.218585
-1.2947853,-1.4855927,9.202226,-1.6907628,-1.3922024,-1.1398394,-2.090489,-2.218571
-1.2751609,-1.4466059,9.197249,-1.6846579,-1.3547081,-1.2350575,-2.0454817,-2.2230084
-1.2947994,-1.4856627,9.20227,-1.6906153,-1.3923894,-1.1396558,-2.090688,-2.2186494
-1.2768816,-1.451672,9.197917,-1.6881226,-1.3604625,-1.2229131,-2.046227,-2.2240055
-1.2770197,-1.451886,9.197964,-1.6877548,-1.3605826,-1.222959,-2.0465488,-2.2236183
-1.3253261,-1.6048127,9.177314,-1.6676201,-1.4972347,-0.9829802,-2.1192234,-2.2023883
-1.2767403,-1.4527637,9.19715,-1.6879867,-1.3583866,-1.2278267,-2.0426447,-2.2235453
-1.277093,-1.4525768,9.196829,-1.6870724,-1.3569992,-1.2295475,-2.0419106,-2.2235262
-1.2758714,-1.4460293,9.196234,-1.6832143,-1.3517315,-1.2386484,-2.0430002,-2.223458
-1.3238916,-1.5586156,9.191477,-1.6739427,-1.4597381,-1.0380278,-2.115706,-2.206004
-1.2769814,-1.4513658,9.196845,-1.6873097,-1.3566443,-1.2294766,-2.0422266,-2.224302
-1.2768719,-1.4521519,9.196811,-1.6879542,-1.3571924,-1.2294073,-2.0414085,-2.2237008
-2.4436421,-1.103069,-0.66175824,9.216414,-0.59045625,-2.1271605,-1.1244524,-1.28746
-2.4450097,-1.1025506,-0.6654543,9.217343,-0.5903181,-2.1299896,-1.1215687,-1.2846361
-2.4431374,-1.1037605,-0.6609685,9.215904,-0.5896068,-2.1270902,-1.1247299,-1.2881418
-2.3922827,-0.681382,-0.6206439,8.924895,-0.5034779,-2.558057,-1.1989284,-0.8586791
-2.454538,-1.0765504,-0.66944796,9.232694,-0.62570506,-2.2115457,-1.1082515,-1.2059174
-2.4436538,-1.1038573,-0.66097087,9.216058,-0.5913658,-2.126745,-1.124009,-1.2875261
-2.4506087,-1.1016996,-0.6640944,9.217517,-0.5860428,-2.1240177,-1.120416,-1.2940725
-2.444315,-1.1040821,-0.6625819,9.216143,-0.5904386,-2.126771,-1.1229806,-1.2873608
-2.4139407,-0.7161846,-0.62475914,9.051217,-0.5689319,-2.5614858,-1.1826148,-0.93117565
-2.4450314,-1.1021416,-0.6633066,9.217277,-0.5904363,-2.130073,-1.1224204,-1.2861606
-2.443683,-1.1036754,-0.6610593,9.216161,-0.5914261,-2.1269047,-1.1240214,-1.2874347
-2.4437997,-1.1032642,-0.66191787,9.21638,-0.5900316,-2.127722,-1.1242394,-1.2870387
-2.1336267,-0.70172286,-0.4402826,8.196986,-0.43095827,-2.3053417,-1.205615,-0.63664466
-2.4439187,-1.098943,-0.66654855,9.220037,-0.59563774,-2.1334789,-1.1252079,-1.2765833
-2.4436066,-1.103519,-0.66158587,9.2160635,-0.5896949,-2.1268559,-1.1246588,-1.2877336
-2.1828327,-0.46431804,-0.44118345,8.145172,-0.30700466,-2.4103703,-1.2578998,-0.68893147
-2.4442694,-1.103273,-0.6622206,9.216392,-0.59020495,-2.127884,-1.1236707,-1.2872157
-2.4442565,-1.1034544,-0.6619724,9.21626,-0.59021944,-2.127769,-1.1236119,-1.287448
-2.4433641,-1.1030927,-0.6619031,9.216359,-0.58935654,-2.1285686,-1.1249957,-1.2858897
-2.454713,-0.8501078,-0.66638905,9.186351,-0.6198133,-2.4378667,-1.1099691,-1.1680647
-2.4434655,-1.1022956,-0.661235,9.216353,-0.5895842,-2.1283317,-1.1244674,-1.2884291
-2.4435596,-1.1035216,-0.66138375,9.21612,-0.5901033,-2.1272395,-1.1244146,-1.2875001
-2.374828,-0.6303276,-0.5636586,8.9180975,-0.48288742,-2.5615306,-1.1979793,-1.0053297
-2.4484074,-0.8549157,-0.6610499,9.188372,-0.62703764,-2.430287,-1.1108938,-1.1766797
-2.4439092,-1.1035014,-0.66127366,9.216299,-0.5914222,-2.1273372,-1.1238568,-1.2869811
-2.4661999,-1.1107434,-0.6637762,9.213468,-0.61621076,-2.108601,-1.1009488,-1.2957984
-2.4503777,-1.1016479,-0.66421866,9.217499,-0.58608216,-2.1240845,-1.1203961,-1.294072
-2.4441514,-1.1034056,-0.66167593,9.216323,-0.59036195,-2.1285553,-1.1226823,-1.2879897
-2.4439197,-1.1033396,-0.66170377,9.216266,-0.58997095,-2.127466,-1.1241801,-1.2874247
-2.4437256,-1.1033672,-0.6616481,9.216268,-0.59009784,-2.1272688,-1.1243861,-1.2873492
-2.4439366,-1.1020612,-0.6629639,9.216956,-0.58968395,-2.1280985,-1.1242105,-1.2874073
-2.4445586,-1.1028843,-0.66238827,9.216683,-0.5902379,-2.127717,-1.1238788,-1.2868363
-2.3875039,-0.67407453,-0.61663496,8.908471,-0.4966317,-2.560625,-1.2003562,-0.8497142
-2.4439347,-1.1018705,-0.6621333,9.216718,-0.5902636,-2.1285071,-1.123836,-1.2879481
-2.443754,-1.1034232,-0.66165286,9.21624,-0.59006053,-2.1271796,-1.1243398,-1.287439
-2.443629,-1.1034864,-0.6616985,9.216257,-0.58998054,-2.1273017,-1.1243929,-1.2872016
-2.4437537,-1.1032224,-0.6607092,9.216142,-0.59199876,-2.127688,-1.1235161,-1.2874912
-2.4537795,-1.0829269,-0.6689776,9.230518,-0.6204174,-2.2041314,-1.1101468,-1.2103966
-2.3661137,-0.67627037,-0.6021234,8.825637,-0.47138873,-2.5376627,-1.2024375,-0.82389754
-2.4131818,-0.7152755,-0.62837136,9.042645,-0.5642503,-2.560133,-1.1827844,-0.9239934
-2.444082,-1.1019765,-0.6619808,9.216685,-0.58998835,-2.1285007,-1.1240642,-1.2876178
-2.392659,-0.6814271,-0.6210507,8.926027,-0.5038257,-2.5582366,-1.1988674,-0.85906476
-2.4392211,-1.0897228,-0.66815907,9.224418,-0.58362,-2.1597166,-1.1301966,-1.2663764
-2.4438937,-1.1033154,-0.66167754,9.216281,-0.58999836,-2.1273751,-1.1242682,-1.2874213
-2.4539196,-0.85046685,-0.66461694,9.187364,-0.62567306,-2.4342508,-1.1142304,-1.1638054
-2.4433012,-1.103191,-0.6614966,9.216274,-0.59018946,-2.1277964,-1.1246563,-1.2870594
-2.4437253,-1.1036254,-0.66177565,9.216208,-0.59007883,-2.127338,-1.1241767,-1.2871492
-2.3910968,-0.6603091,-0.56906587,8.995751,-0.52873796,-2.5677297,-1.1954839,-1.0126913
-2.4435897,-1.1031563,-0.6616129,9.216282,-0.58992565,-2.1275027,-1.1242076,-1.2878262
-2.3955882,-0.66080517,-0.5655248,9.009021,-0.5372359,-2.5683012,-1.1969787,-1.0229331
-2.4432318,-1.1038412,-0.66146034,9.216125,-0.58982784,-2.1266463,-1.1245704,-1.2877854
-2.2061772,-0.5241016,-0.49298924,8.308633,-0.3305037,-2.4274943,-1.2408676,-0.75112987
-2.4469202,-0.8597827,-0.659821,9.189228,-0.63236415,-2.425365,-1.1107197,-1.1761779
-2.4437182,-1.1036396,-0.6615653,9.216127,-0.5900001,-2.127011,-1.124393,-1.2874378
-2.4435308,-1.1036081,-0.6609886,9.216125,-0.59060603,-2.128069,-1.1240743,-1.2868068
-2.382771,-0.6432898,-0.5723178,8.948024,-0.49668416,-2.567275,-1.1978384,-0.9981848
-2.3898866,-0.68163097,-0.62054884,8.910548,-0.49160305,-2.5508466,-1.1998174,-0.8554394
-2.4438777,-1.1028106,-0.6615368,9.21592,-0.59067065,-2.1278214,-1.1233671,-1.2882675
-2.4438734,-1.104831,-0.66155916,9.215784,-0.5892871,-2.1266499,-1.123165,-1.2886194
-2.4435794,-1.1034733,-0.6614319,9.216107,-0.5897004,-2.1274335,-1.1244758,-1.2874804
-2.4437287,-1.1036209,-0.66163987,9.216155,-0.58987826,-2.1271467,-1.1242483,-1.2874926
-2.443795,-1.1036456,-0.6618267,9.216245,-0.5902223,-2.1272156,-1.1240505,-1.2872157
-2.4440167,-1.1035595,-0.6621313,9.216268,-0.59000045,-2.1269794,-1.1238151,-1.2876656
-2.443629,-1.102867,-0.662067,9.216702,-0.59086764,-2.1286545,-1.1227478,-1.2879058
-2.1771216,-0.48419082,-0.30600595,7.850771,-0.33178917,-2.3403878,-1.2545309,-0.52982265
-2.4437516,-1.1029108,-0.6618863,9.21638,-0.58994067,-2.1280336,-1.124207,-1.287124
-2.4436228,-1.1023256,-0.66101366,9.216355,-0.5916299,-2.1285582,-1.1245055,-1.2864009
-2.2157016,-0.5312098,-0.5039313,8.340115,-0.34083584,-2.435721,-1.2415103,-0.75088125
-2.3666503,-0.66773283,-0.5961943,8.90763,-0.5255551,-2.5700555,-1.1928926,-0.8729689
-2.4438553,-1.0909141,-0.65700185,9.22457,-0.5819408,-2.153606,-1.1410205,-1.2701811
-2.4442093,-1.1028252,-0.6610935,9.2165575,-0.58945006,-2.1288848,-1.1244111,-1.286658
-2.308619,-0.5687099,-0.57857275,8.6402235,-0.33855852,-2.53155,-1.1881951,-0.92891353
-2.4437969,-1.1032706,-0.66207635,9.216392,-0.5897767,-2.127626,-1.1244087,-1.2868088
-2.4620607,-1.1267296,-0.7142227,9.233785,-0.5894579,-2.1267877,-1.1491246,-1.157494
-2.446631,-0.8557716,-0.6597144,9.188025,-0.63118434,-2.4262815,-1.1127043,-1.1766076
-2.444021,-1.1030738,-0.661855,9.216405,-0.5903013,-2.1276805,-1.1238587,-1.2873131
-2.4437597,-1.1035303,-0.66158926,9.216169,-0.5899877,-2.1271324,-1.1243234,-1.2875475
-2.4599862,-0.8421043,-0.67073387,9.186823,-0.61845636,-2.4407465,-1.1137197,-1.1585293
-2.4157412,-0.7192563,-0.6256566,9.055404,-0.57206136,-2.5608125,-1.1803621,-0.9332014
-2.474663,-1.0610701,-0.6778855,9.239478,-0.6054763,-2.184824,-1.196524,-1.1140338
-2.4447024,-1.1058757,-0.66320807,9.215956,-0.5895344,-2.124817,-1.1251518,-1.2859608
-2.4573524,-0.84384036,-0.6672551,9.186382,-0.6175099,-2.4421804,-1.1100138,-1.1678721
-2.4660919,-1.1104176,-0.6648515,9.214278,-0.6144805,-2.1091957,-1.1025134,-1.2940876
-2.4446113,-1.1036764,-0.6641899,9.217253,-0.5876958,-2.1282048,-1.1234992,-1.2857519
-2.4439003,-1.1036928,-0.6616375,9.216149,-0.58990985,-2.1268797,-1.1243091,-1.2874709
-2.4469774,-1.0883654,-0.6649207,9.223056,-0.5870674,-2.1448677,-1.1300335,-1.2703054
-2.384792,-0.64359057,-0.57307863,8.974406,-0.5063458,-2.5683331,-1.1895869,-1.035796
-2.4449503,-1.1034514,-0.6656269,9.217759,-0.58992296,-2.1289864,-1.1222305,-1.2837037
-2.394849,-0.7633223,-0.6432732,9.056229,-0.58115643,-2.5154629,-1.160094,-0.98641783
-2.3202672,-0.6235432,-0.57017505,8.732078,-0.45022103,-2.544455,-1.2071786,-0.8204607
-2.4057467,-0.7628888,-0.58235914,9.130209,-0.6279313,-2.5261157,-1.1781472,-1.0273235
-2.446402,-0.85553455,-0.66039926,9.187537,-0.62977,-2.4257429,-1.1137186,-1.1762046
-2.053507,-0.32711726,-0.268618,7.5443196,-0.03462768,-2.2215438,-1.1596682,-0.845166
-2.4440272,-1.1040688,-0.66177595,9.216018,-0.59027284,-2.1261468,-1.1241422,-1.2877402
-2.4440136,-1.1032859,-0.66134614,9.216353,-0.5898214,-2.1278343,-1.1243489,-1.2872273
-2.444002,-1.1031933,-0.6606315,9.216411,-0.5903302,-2.1276019,-1.1253449,-1.286637
-2.443881,-1.0981797,-0.66177785,9.21741,-0.588138,-2.132753,-1.1259093,-1.2861714
-2.444358,-1.1028991,-0.66212964,9.216418,-0.5911061,-2.1278024,-1.1227936,-1.2877262
-2.4426355,-1.1040184,-0.6615082,9.2161455,-0.5895213,-2.126321,-1.1246973,-1.2883312
-2.4447172,-1.1036968,-0.66238976,9.216628,-0.58966637,-2.1263533,-1.1257021,-1.2855359
-2.4424493,-1.1035125,-0.66031164,9.215573,-0.5869161,-2.125623,-1.1292475,-1.2882125
-2.4433317,-1.1036174,-0.6614837,9.215983,-0.58950347,-2.127302,-1.124061,-1.2881591
-2.4570458,-0.8440883,-0.66778433,9.186149,-0.61737126,-2.4413304,-1.1101477,-1.1678892
-2.462787,-1.0853686,-0.63391346,9.209586,-0.5596625,-2.123314,-1.1376458,-1.3352298
-2.4436114,-1.104036,-0.66193885,9.216386,-0.5893535,-2.1270251,-1.1243649,-1.2868189
-2.455147,-0.85065293,-0.6665358,9.186561,-0.6197899,-2.4372687,-1.1094875,-1.1689037
-2.4446099,-1.1042902,-0.66406816,9.216727,-0.58729744,-2.1269324,-1.1234078,-1.2870265
-2.4510758,-1.0872945,-0.6645523,9.227402,-0.6296633,-2.2049317,-1.100136,-1.2162255
-2.4438827,-1.1034192,-0.66179174,9.216287,-0.59018195,-2.1274004,-1.1241194,-1.2871947
-2.4439027,-1.103217,-0.66154206,9.216253,-0.59012586,-2.1273336,-1.1243947,-1.2874445
-2.4444106,-1.1028888,-0.66478515,9.217029,-0.5898898,-2.1297765,-1.1219923,-1.2854459
-2.4445148,-1.1019505,-0.6611991,9.21646,-0.59109837,-2.1281135,-1.1237491,-1.288117
-2.4538214,-1.0750352,-0.6705725,9.232743,-0.6239901,-2.2099416,-1.1118261,-1.2069565
-2.4444005,-1.1017635,-0.66304064,9.217452,-0.5892167,-2.129376,-1.1252544,-1.2858533
-2.4317505,-1.0346938,-0.65128917,9.221726,-0.5991674,-2.2922273,-1.1204438,-1.1727142
-2.4439242,-1.1029993,-0.6618857,9.216384,-0.5900679,-2.1276953,-1.1242119,-1.2872952
-2.443228,-1.1028085,-0.66097015,9.216212,-0.59108335,-2.1282425,-1.1250072,-1.286086
-2.1412797,-0.5472553,-0.42772213,7.934643,-0.30893067,-2.3160474,-1.2314298,-0.5068255
-2.4449313,-1.1041374,-0.66422564,9.217008,-0.5879434,-2.1275215,-1.1231456,-1.2862486
-2.4437706,-1.1035221,-0.66205174,9.216203,-0.5898641,-2.1270647,-1.1242912,-1.2874085
-2.443772,-1.1034534,-0.66168064,9.216217,-0.5901372,-2.126935,-1.12445,-1.2873594
-2.4418402,-1.103214,-0.66088,9.216464,-0.590673,-2.1286912,-1.125659,-1.2852815
-2.443795,-1.1035321,-0.6616332,9.216208,-0.5901533,-2.127047,-1.1242955,-1.2874554
-2.4445288,-1.1044222,-0.6607969,9.21568,-0.5914814,-2.1244137,-1.1237099,-1.2895631
-2.4432824,-1.1028514,-0.66072744,9.216224,-0.5915023,-2.1281762,-1.1251539,-1.28576
-2.4445379,-1.1033374,-0.6669813,9.218323,-0.58715194,-2.1278062,-1.124275,-1.2822486
-2.4439583,-1.1032746,-0.6621836,9.216406,-0.59068257,-2.1278853,-1.1237597,-1.2866418
-2.4440691,-1.1039814,-0.66193074,9.216443,-0.58990824,-2.1268964,-1.1246696,-1.2862381
-2.4434805,-1.1042643,-0.6624154,9.216178,-0.5899448,-2.1277955,-1.1241353,-1.2854271
-2.4464672,-0.85903907,-0.6581704,9.187267,-0.6303026,-2.4256418,-1.1117991,-1.1782073
-2.4439614,-1.10302,-0.66071635,9.215718,-0.5914085,-2.1275868,-1.1235698,-1.2882079
-2.4434354,-1.1036545,-0.6608083,9.215905,-0.5905704,-2.1268973,-1.1249853,-1.2871993
-2.4436917,-1.103343,-0.66138965,9.2161665,-0.59027666,-2.127296,-1.1245314,-1.2870874
-2.4440243,-1.1032777,-0.66170454,9.216325,-0.5902643,-2.1272688,-1.123975,-1.2876074
-2.4544756,-1.0683047,-0.6716316,9.235759,-0.62157524,-2.2180877,-1.1163046,-1.1980468
-2.4441078,-1.1018757,-0.6627208,9.217099,-0.5901242,-2.1295495,-1.1235538,-1.28643
-2.443332,-1.1039941,-0.6593691,9.215688,-0.58865345,-2.1265202,-1.125987,-1.288991
-2.4406874,-1.1037984,-0.6619021,9.216591,-0.58675325,-2.1316438,-1.1274825,-1.2815641
-2.4438689,-1.1033567,-0.66175383,9.216307,-0.5901416,-2.1271844,-1.1242709,-1.2873794
-2.4438374,-1.1032985,-0.6616386,9.216245,-0.5899245,-2.1274438,-1.1244318,-1.2871147
-2.4526732,-1.07288,-0.66880107,9.232753,-0.6222669,-2.2133234,-1.1149104,-1.2036439
-2.443651,-1.1033945,-0.66153497,9.216281,-0.59026533,-2.1275039,-1.1240215,-1.287472
-2.443864,-1.103842,-0.6617498,9.216128,-0.5902489,-2.1270363,-1.124034,-1.2872425
-2.443484,-1.1032814,-0.6620584,9.216793,-0.5890115,-2.1287365,-1.1245236,-1.2855414
-2.4535947,-1.0822861,-0.66890115,9.230081,-0.61853373,-2.2040548,-1.1095537,-1.2120684
-2.4458675,-1.1026065,-0.6599297,9.215899,-0.5908635,-2.1269345,-1.1247618,-1.2896656
-2.4599164,-0.8427188,-0.6706651,9.1863365,-0.617981,-2.4403126,-1.1134789,-1.1587764
-2.455478,-0.849968,-0.66398,9.185564,-0.6234546,-2.436759,-1.1126583,-1.1640719
-2.451944,-1.0492132,-0.718932,9.21697,-0.55439514,-2.2608895,-1.1494169,-1.0986204
-2.444752,-1.1024591,-0.6633857,9.217813,-0.5944702,-2.1277697,-1.1243662,-1.2824942
-2.3880126,-0.6977942,-0.616475,8.911899,-0.49496567,-2.540087,-1.1980572,-0.8588028
-2.3495672,-0.674942,-0.6011937,8.755002,-0.42720604,-2.5057836,-1.2138832,-0.79803115
-2.4432914,-1.1023947,-0.6625949,9.216998,-0.5904868,-2.1281397,-1.1241801,-1.2863582
-2.4551249,-0.8511421,-0.666426,9.186772,-0.61973745,-2.4368563,-1.1088629,-1.1698549
-2.454971,-0.85145843,-0.6664971,9.186948,-0.6204894,-2.4365382,-1.1091597,-1.1695564
-2.4457598,-0.85966927,-0.65867007,9.189488,-0.6338338,-2.4248595,-1.1116294,-1.177653
-2.4565976,-0.8428472,-0.6676488,9.186477,-0.6211861,-2.4400842,-1.1134807,-1.1614071
-2.4428933,-1.0932913,-0.6670348,9.222135,-0.5844154,-2.141238,-1.1309258,-1.271403
-0.14172143,-0.77396965,0.77857774,0.9284087,1.6765941,-0.16977583,0.41049206,-1.9906944
-2.4436216,-1.1035963,-0.6618101,9.216241,-0.5898854,-2.1274178,-1.1244588,-1.2869616
-2.4468863,-0.855764,-0.6597697,9.187468,-0.63028955,-2.4268186,-1.1124432,-1.1765347
-2.454183,-0.84980136,-0.6648029,9.188235,-0.62569594,-2.4340472,-1.113687,-1.1659083
-2.4433892,-1.1041155,-0.66227084,9.2165,-0.59002995,-2.127862,-1.1244063,-1.2854139
-2.4436426,-1.1055552,-0.66512215,9.217254,-0.5869767,-2.1287084,-1.1230037,-1.2840828
-2.4415987,-1.103188,-0.6610634,9.216474,-0.5881521,-2.13088,-1.1268303,-1.2833711
-2.4437282,-1.1035062,-0.66102415,9.215955,-0.59046715,-2.1271439,-1.1246629,-1.2873129
-2.4422514,-1.1045655,-0.6618363,9.215465,-0.58894795,-2.1267178,-1.1233425,-1.2898661
-2.4433224,-1.10273,-0.6628225,9.216783,-0.59012836,-2.1294315,-1.1235904,-1.2861172
-2.4452832,-1.1005964,-0.66106117,9.217746,-0.5888016,-2.127684,-1.1265202,-1.2870313
-2.444244,-1.1042662,-0.6616938,9.216277,-0.5894864,-2.1266277,-1.125011,-1.286192
-2.362319,-0.6713848,-0.6060955,8.801582,-0.44203606,-2.5215402,-1.211591,-0.81343836
-2.4540884,-1.0757614,-0.66848624,9.232463,-0.62337977,-2.2102022,-1.112087,-1.2077466
-2.4436843,-1.1037198,-0.6610834,9.21598,-0.5905029,-2.1270723,-1.1242899,-1.2874261
-2.445688,-0.8594023,-0.6580815,9.188792,-0.63322556,-2.4253073,-1.1116068,-1.1778959
-2.4453256,-1.1034335,-0.66188246,9.216444,-0.5905939,-2.126295,-1.1238478,-1.2874173
-2.4488604,-0.8542193,-0.6612094,9.188611,-0.6272761,-2.431581,-1.1105694,-1.1759568
-2.443975,-1.103035,-0.6616029,9.216352,-0.5901571,-2.1275403,-1.1243031,-1.2873349
-2.4601476,-0.8421079,-0.6707034,9.186817,-0.61850804,-2.440855,-1.1136324,-1.1584126
-2.4439793,-1.1030508,-0.66205746,9.216407,-0.5905306,-2.127879,-1.1239231,-1.2868695
-2.138806,-0.20538181,-0.19305746,7.5237317,-0.13168786,-2.362884,-1.2298148,-0.6904742
-2.4679723,-0.80799925,-0.676132,9.170922,-0.59318924,-2.464687,-1.1238487,-1.1509049
-2.4456875,-0.85527444,-0.6596131,9.188082,-0.6311473,-2.4260902,-1.1135652,-1.1769325
-2.4431598,-1.1043646,-0.6614464,9.215653,-0.5902326,-2.1277347,-1.1242082,-1.2863157
-2.4445844,-0.8588219,-0.6560647,9.185371,-0.62900674,-2.4242063,-1.1130673,-1.1842808
-2.4477773,-0.8619426,-0.6609449,9.187999,-0.63086337,-2.4235857,-1.1076818,-1.1815631
-2.44882,-0.8621588,-0.65772516,9.188001,-0.6325518,-2.4225383,-1.1140172,-1.1731349
-2.4551575,-0.8514795,-0.6640888,9.188729,-0.626015,-2.4307857,-1.1151956,-1.1665703
-2.4444854,-1.1010271,-0.66059136,9.216659,-0.5908496,-2.128477,-1.124749,-1.2887627
-2.4537761,-0.8502443,-0.6640965,9.187206,-0.6258608,-2.4341602,-1.1143483,-1.1642698
-2.4429371,-1.1035233,-0.6607135,9.215991,-0.59092695,-2.1281643,-1.1248641,-1.2859677
-2.4433506,-1.1038435,-0.6608401,9.216004,-0.5902956,-2.1270695,-1.12554,-1.2865621
-2.4340854,-0.854511,-0.6543183,9.167626,-0.6286211,-2.4262362,-1.1207782,-1.1568068
-2.142165,-0.5446887,-0.42494175,7.9251895,-0.30497244,-2.3160977,-1.2296163,-0.5053247
-2.4668515,-1.109894,-0.6644849,9.213622,-0.6151032,-2.1090865,-1.100809,-1.2961367
-2.4448392,-1.1025047,-0.6619633,9.217168,-0.5925191,-2.1284747,-1.1230268,-1.2864685
-2.4537628,-1.0769738,-0.6683963,9.232288,-0.6226366,-2.209187,-1.1129105,-1.2073342
-2.443979,-1.101267,-0.66281044,9.217156,-0.5892603,-2.130416,-1.1237442,-1.286146
-2.4405317,-1.1042448,-0.6615702,9.216355,-0.5868375,-2.1310756,-1.1275256,-1.2819841
-2.445545,-1.1022004,-0.6629941,9.217245,-0.5880752,-2.1287,-1.1236482,-1.2877607
-2.4449766,-1.1022911,-0.66449136,9.218108,-0.59465426,-2.127091,-1.1238459,-1.2826707
-2.452976,-1.0760449,-0.6710069,9.2328,-0.61922437,-2.2090073,-1.1157702,-1.2047323
-2.4444048,-1.1019344,-0.6606278,9.216433,-0.5899148,-2.128214,-1.1245178,-1.2889416
-2.4535298,-1.0624114,-0.6805242,9.237824,-0.6218452,-2.220218,-1.1447431,-1.1576681
-2.4428494,-1.101317,-0.65931946,9.21614,-0.59209615,-2.1293066,-1.124202,-1.2890441
-2.4442225,-1.1027,-0.662005,9.216474,-0.5912046,-2.1279266,-1.1229572,-1.2877086
-2.459161,-0.84137076,-0.66953856,9.189784,-0.622554,-2.4373603,-1.1135728,-1.1653885
-2.4539275,-0.8505612,-0.66415745,9.187857,-0.6258416,-2.4341345,-1.1138959,-1.164851
-2.454911,-0.8507848,-0.66634506,9.186706,-0.62040275,-2.4365668,-1.1097292,-1.1693492
-2.443726,-1.1070734,-0.6631774,9.215607,-0.58788687,-2.125915,-1.1238488,-1.2852458
-2.454031,-0.85096544,-0.666608,9.18621,-0.62055326,-2.4359913,-1.1095228,-1.1702143
-2.4879816,-1.0438933,-0.7404174,9.222857,-0.5514169,-2.282659,-1.165757,-0.9739526
-2.45507,-0.85062695,-0.66642785,9.186586,-0.62004846,-2.437226,-1.1096036,-1.16877
-2.4435623,-1.1036917,-0.66183937,9.216176,-0.5896147,-2.1266768,-1.1245147,-1.2877328
-2.4433496,-1.1023614,-0.6619408,9.216599,-0.58967173,-2.1293123,-1.124296,-1.2862579
-2.4438808,-1.1035237,-0.66156554,9.216137,-0.5900125,-2.1271596,-1.1242331,-1.2874683
-2.454834,-0.84895796,-0.66706014,9.184892,-0.6176862,-2.4381492,-1.1107148,-1.1672333
-2.452933,-0.854313,-0.663703,9.186272,-0.6227644,-2.4348006,-1.1093199,-1.1704592
-2.4441602,-1.1048625,-0.6617252,9.215903,-0.589722,-2.12616,-1.1241574,-1.2872237
-2.4444935,-1.1015178,-0.6628701,9.217322,-0.59032434,-2.129583,-1.124044,-1.2860276
-2.4501882,-1.0622138,-0.67733735,9.238109,-0.6205997,-2.2285824,-1.1327478,-1.1720859
-2.4436584,-1.1032671,-0.66174996,9.21627,-0.5900395,-2.1274798,-1.1241457,-1.2872889
-2.454047,-1.0820838,-0.66948676,9.230252,-0.6198649,-2.2050343,-1.1082293,-1.2107459
-2.4541414,-1.0768832,-0.6687189,9.231628,-0.6230312,-2.2105112,-1.1098902,-1.2074095
-2.4539428,-1.081675,-0.6693779,9.230203,-0.61837137,-2.2048583,-1.1096767,-1.2108581
-2.4438672,-1.1035664,-0.66249573,9.216124,-0.589562,-2.1285222,-1.1229082,-1.2874728
-2.4525704,-0.84547335,-0.66345733,9.185689,-0.6246638,-2.4364328,-1.1171274,-1.1652926
-2.4546194,-0.83888185,-0.6629705,9.186877,-0.62117034,-2.4421234,-1.1166377,-1.1674876
-2.4457214,-0.85905886,-0.6593379,9.18697,-0.6296229,-2.4256558,-1.1108053,-1.1779546
-2.4458973,-0.86066103,-0.65801704,9.187049,-0.629429,-2.4237826,-1.111598,-1.1802467
-2.4435332,-1.1024787,-0.6609457,9.216367,-0.5893438,-2.1286237,-1.1248237,-1.2872477
-2.4434392,-1.1030189,-0.6626204,9.216986,-0.5916293,-2.1277926,-1.1249875,-1.2846717
-2.1386542,-0.55813825,-0.42672908,7.932118,-0.31336573,-2.3094203,-1.2309617,-0.499647
-2.1386576,-0.5579295,-0.42681772,7.9318633,-0.31319138,-2.309693,-1.2307723,-0.4995036
-2.4440792,-1.1035488,-0.6619869,9.216304,-0.5902221,-2.1268258,-1.1240473,-1.2875172
-2.4437835,-1.1032381,-0.66176444,9.216313,-0.5898611,-2.1273966,-1.124568,-1.2873353
-2.4446952,-1.1028638,-0.66501856,9.217802,-0.593453,-2.1269855,-1.1236093,-1.2829862
-2.4434903,-1.103873,-0.66175354,9.216203,-0.5896761,-2.1266046,-1.1244084,-1.2877575
-2.4443018,-1.1047503,-0.6614843,9.216135,-0.5899762,-2.1269705,-1.1238148,-1.2862244
-2.4435036,-1.1036891,-0.66182333,9.216181,-0.5900288,-2.1272717,-1.1244091,-1.2871419
-2.4480746,-0.8525901,-0.6621788,9.1865015,-0.6268799,-2.4343681,-1.112428,-1.1706399
-2.4431407,-1.1035193,-0.6610331,9.215968,-0.5894726,-2.1277583,-1.124468,-1.2879242
-2.4435694,-1.1034824,-0.66257286,9.216611,-0.590463,-2.1274352,-1.1235662,-1.2866946
-2.4508123,-1.1022264,-0.6662794,9.217172,-0.58864063,-2.1234884,-1.1278336,-1.281216
-2.4464586,-0.8557681,-0.6596398,9.187665,-0.630572,-2.4266257,-1.1127452,-1.1764119
-2.4548237,-1.0764928,-0.66774756,9.231654,-0.6204472,-2.2096062,-1.1121448,-1.2092203
-2.4437861,-1.1044787,-0.6622724,9.216125,-0.5908077,-2.1257749,-1.1243014,-1.2871984
-2.4434946,-1.0978013,-0.6617822,9.218005,-0.58811,-2.1323633,-1.127639,-1.2842306
-1.6918621,-3.0457683,-1.0329641,0.7715297,-1.9936844,6.6571307,-0.569627,-0.033714093
-2.4435823,-1.1033232,-0.6616702,9.2163515,-0.58990306,-2.128111,-1.1244352,-1.2864264
-2.446281,-0.85505587,-0.66018736,9.188195,-0.63125813,-2.426764,-1.1134742,-1.1753861
-2.4442132,-1.1035681,-0.6620489,9.216203,-0.58968437,-2.1273918,-1.1236794,-1.2874984
-2.4399493,-1.0860955,-0.6592111,9.225749,-0.5812809,-2.1557465,-1.1441047,-1.2701366
-2.4466546,-1.0995344,-0.66434395,9.218256,-0.58757955,-2.1348376,-1.1234858,-1.2848489
-2.323347,-0.64617866,-0.56844115,8.713638,-0.44369185,-2.5102513,-1.2028878,-0.8526527
-2.3641613,-0.66548693,-0.5953863,8.896589,-0.5191603,-2.568987,-1.1921625,-0.8720659
-2.4317813,-1.0768827,-0.67091316,9.227345,-0.5735306,-2.1760094,-1.144035,-1.2379082
-2.4439242,-1.1028925,-0.66264296,9.216506,-0.5899489,-2.1272576,-1.1244307,-1.2870494
-2.4717455,-0.83123314,-0.6787014,9.185018,-0.6051332,-2.4579778,-1.1044195,-1.1509867
-2.4443529,-1.1069229,-0.6647674,9.216124,-0.5871526,-2.1262298,-1.1220123,-1.2861497
-2.4438698,-1.1034116,-0.6622841,9.216525,-0.58978087,-2.128048,-1.123856,-1.2866442
-2.4496632,-1.0849022,-0.656182,9.221163,-0.62351346,-2.2057002,-1.0990393,-1.2288954
-2.4430184,-1.1006417,-0.6644303,9.218526,-0.5935912,-2.1306958,-1.1251383,-1.2808607
-2.3645556,-0.6906795,-0.5981024,8.801643,-0.46838337,-2.5277195,-1.1950884,-0.80722135
-2.3567233,-0.68595165,-0.5953778,8.776645,-0.45792803,-2.5250597,-1.1978021,-0.798443
-2.4435303,-1.1036692,-0.66175324,9.216088,-0.58964574,-2.127372,-1.1244308,-1.2869481
-2.464276,-0.8404542,-0.6691825,9.188125,-0.61937755,-2.4432523,-1.1090577,-1.160263
-2.4444776,-1.1039766,-0.6620806,9.216329,-0.59042305,-2.127452,-1.1237305,-1.2862653
-2.188457,-0.47759244,-0.45818147,8.183618,-0.3117455,-2.410111,-1.2507234,-0.7101413
-2.443824,-1.103398,-0.6617115,9.216256,-0.59009224,-2.1273196,-1.1241856,-1.2874426
-2.4506052,-1.1011384,-0.6645619,9.218192,-0.5858207,-2.1252005,-1.1203767,-1.292945
-2.443897,-1.1029773,-0.66284436,9.216544,-0.5898127,-2.1274204,-1.1245909,-1.2863492
-2.444494,-1.1049131,-0.65623933,9.213701,-0.5936689,-2.128612,-1.1226826,-1.28801
-2.4438608,-1.1025206,-0.66291875,9.216688,-0.58989084,-2.1277251,-1.124676,-1.2864777
-2.443002,-1.1036346,-0.6606528,9.215726,-0.58969694,-2.1270127,-1.1248941,-1.2882804
-2.4435406,-1.1029055,-0.6619949,9.216562,-0.5891834,-2.1292262,-1.1245067,-1.2861924
-2.4436476,-1.1031997,-0.6616642,9.216258,-0.59010047,-2.1275754,-1.1242725,-1.2872399
-2.3826354,-0.64320445,-0.57292163,8.968733,-0.50369275,-2.566558,-1.1900322,-1.033176
-2.443805,-1.1032859,-0.6616166,9.216287,-0.59013593,-2.127405,-1.1243513,-1.2872761
-2.439058,-1.0863745,-0.6591828,9.225789,-0.5813262,-2.1558867,-1.1444852,-1.269746
-2.4355867,-1.1613585,-0.6940566,9.208421,-0.5700833,-2.0753145,-1.1293156,-1.2591693
-2.4434226,-1.103848,-0.66165215,9.216172,-0.5897214,-2.1270158,-1.1250153,-1.2868394
-2.4568481,-1.1038347,-0.68523854,9.222323,-0.5824155,-2.123754,-1.1169839,-1.2729744
-2.444762,-1.1034606,-0.6630334,9.2168665,-0.5896926,-2.1271353,-1.1237404,-1.2861131
-2.445316,-1.1020435,-0.6644686,9.218184,-0.59390825,-2.1286745,-1.1230748,-1.2826449
-2.4433336,-1.1036401,-0.66010547,9.21555,-0.59040624,-2.126904,-1.1243799,-1.2884531
-2.4442952,-1.1057447,-0.66198134,9.21601,-0.5900484,-2.1269972,-1.1222208,-1.2866855
-2.4441307,-1.1030948,-0.66263777,9.216436,-0.59033847,-2.1279433,-1.1250845,-1.2849469
-2.46644,-1.1103729,-0.6641397,9.213359,-0.61531466,-2.1083126,-1.1014175,-1.2963468
-2.443714,-1.1019936,-0.66202146,9.216697,-0.59003013,-2.1284535,-1.1243306,-1.2874423
-2.4442677,-1.1032009,-0.6600067,9.216092,-0.5915737,-2.1282475,-1.1231564,-1.2881097
-2.4572337,-0.84425706,-0.66707325,9.186319,-0.6175697,-2.44143,-1.1101954,-1.168323
-2.4690022,-1.0368521,-0.7227438,9.216712,-0.53563446,-2.2968512,-1.1355072,-1.0604842
-2.0582402,-0.33148122,-0.2766229,7.5712204,-0.042541664,-2.2283442,-1.1625366,-0.84468114
-2.3881812,-0.6978795,-0.6164709,8.912315,-0.49516633,-2.5403137,-1.1979465,-0.8589553
-2.4576404,-1.1038482,-0.68487,9.222045,-0.5833603,-2.1217093,-1.1188331,-1.26991
-2.4542673,-1.080931,-0.66876733,9.230358,-0.6194758,-2.2054615,-1.110256,-1.2104485
-2.443175,-1.1017717,-0.6624903,9.217046,-0.5877864,-2.130624,-1.1259705,-1.2844355
-2.4434345,-1.1038322,-0.66116136,9.216095,-0.58984345,-2.1279812,-1.1248676,-1.2863256
-2.4437368,-1.1033742,-0.6617745,9.216254,-0.59006655,-2.1275153,-1.124238,-1.2871573
-2.4437802,-1.1013476,-0.6636001,9.217642,-0.5891992,-2.1304789,-1.1242578,-1.2853912
-1.7444278,-1.1436778,-2.3180468,-0.8822034,10.777631,-1.5036254,0.20819971,-1.5837444
-1.7461038,-1.142391,-2.3198571,-0.88331604,10.779455,-1.5089903,0.21125421,-1.5785724
-1.7493652,-1.1431222,-2.3184874,-0.8810678,10.779982,-1.504604,0.21078913,-1.5801595
-1.7380548,-1.1286323,-2.3389308,-0.888542,10.776903,-1.5017216,0.19823858,-1.5764427
-1.7343696,-1.1262978,-2.3473437,-0.88916093,10.771112,-1.4974822,0.20885345,-1.5872937
-1.7490926,-1.1426499,-2.3190033,-0.88148534,10.779646,-1.5058445,0.21097296,-1.5795649
-1.7392064,-1.1291875,-2.3395793,-0.8882052,10.777158,-1.5007455,0.19841701,-1.5751578
-1.7445117,-1.1442946,-2.317953,-0.8821632,10.777966,-1.5032997,0.20777395,-1.5829824
-1.7447394,-1.1441346,-2.3181145,-0.8819471,10.777982,-1.503298,0.2077707,-1.5829152
-1.732252,-1.127804,-2.3337045,-0.88792866,10.776634,-1.5047171,0.19625978,-1.5837361
-1.7339418,-1.1284,-2.3354514,-0.8873677,10.77682,-1.5019832,0.19626713,-1.5824615
-1.7931714,-1.1695254,-2.2827294,-0.7886508,10.800325,-1.4878161,0.07612278,-1.463131
-1.7492467,-1.144852,-2.315922,-0.8815563,10.781078,-1.5029136,0.20893167,-1.5793713
-1.7486926,-1.1424158,-2.3189666,-0.88176847,10.779244,-1.5063493,0.2114149,-1.580144
-1.7914578,-1.149166,-2.2795603,-0.78657836,10.80048,-1.4933192,0.09047107,-1.4883081
-1.79016,-1.1570778,-2.2887921,-0.79494894,10.801845,-1.4967871,0.0966626,-1.4796765
-1.7938774,-1.1680498,-2.282139,-0.7865611,10.800631,-1.4897091,0.075756945,-1.462364
-1.7331327,-1.1282499,-2.3348897,-0.88796824,10.776605,-1.5029898,0.19671045,-1.58294
-1.7386632,-1.1282059,-2.3398573,-0.8883367,10.776924,-1.5016847,0.19894524,-1.5759441
-1.7392553,-1.1286507,-2.338898,-0.888471,10.77741,-1.501808,0.19797125,-1.5750908
-1.749133,-1.1427557,-2.318677,-0.88150704,10.779662,-1.505683,0.21087275,-1.5797745
-1.7335132,-1.1279377,-2.3350544,-0.887983,10.776306,-1.5033704,0.19650632,-1.5827428
-1.7493969,-1.14296,-2.3186924,-0.8814719,10.779606,-1.5051949,0.21125685,-1.5800124
-1.7974645,-1.1292403,-2.2364204,-0.76672083,10.798496,-1.4791026,0.069719814,-1.5132679
-1.7386848,-1.1279618,-2.340165,-0.88881046,10.777052,-1.5016253,0.19873874,-1.5755094
-1.745908,-1.1374797,-2.327186,-0.8810543,10.772881,-1.5016019,0.22025356,-1.5925344
-1.7446764,-1.143788,-2.3165731,-0.8817295,10.777819,-1.5032315,0.20803314,-1.585064
-1.7495099,-1.1424508,-2.3178446,-0.8811901,10.779749,-1.5056626,0.21124582,-1.5808164
-1.7391328,-1.129016,-2.33876,-0.88845164,10.776974,-1.5011729,0.1986615,-1.5758561
-1.7330465,-1.1278516,-2.3356643,-0.8878316,10.77648,-1.5035448,0.19687857,-1.5826131
-1.7489179,-1.1434277,-2.3213077,-0.88087314,10.779543,-1.5048945,0.21208633,-1.5786202
-1.7487227,-1.1436893,-2.3207717,-0.8806296,10.779263,-1.5046496,0.21220335,-1.5794623
-1.7487453,-1.1439224,-2.3208668,-0.8807388,10.779697,-1.5045936,0.21175478,-1.578724
-1.732418,-1.1280497,-2.3335443,-0.88760436,10.776606,-1.5042744,0.1961205,-1.5838131
-1.7441984,-1.1434741,-2.31856,-0.8821847,10.777973,-1.504021,0.20778683,-1.5831498
-1.7444159,-1.1437905,-2.3181975,-0.88212115,10.777908,-1.5035663,0.20805493,-1.5833592
-1.7843922,-1.1636981,-2.2821398,-0.79346615,10.798021,-1.4899275,0.07640775,-1.4734031
-1.7932035,-1.154927,-2.286986,-0.7874894,10.799519,-1.4902366,0.09732088,-1.4845833
-1.7937945,-1.1681782,-2.2821286,-0.78653914,10.800455,-1.4894443,0.07564386,-1.4626025
-1.7333509,-1.1281687,-2.3355577,-0.88754505,10.776556,-1.5030613,0.19660254,-1.5824953
-1.7426741,-1.1460665,-2.3351357,-0.8903193,10.776102,-1.5142168,0.23250861,-1.5749658
-1.74882,-1.1433634,-2.3168137,-0.88184565,10.779721,-1.5060111,0.21004148,-1.580058
-1.689071,-1.1978501,-2.5148594,-0.9615056,10.6829605,-1.1772645,0.3687182,-1.7120221
-1.740621,-1.1271363,-2.3382375,-0.8862036,10.77797,-1.5050266,0.20067328,-1.5744213
-1.7885526,-1.1701989,-2.282779,-0.7900649,10.7973,-1.4869086,0.07430417,-1.4679505
-1.7936374,-1.1682748,-2.28297,-0.7864686,10.80051,-1.4890711,0.075616546,-1.4622574
-1.7936907,-1.1683635,-2.283003,-0.786392,10.800457,-1.4889253,0.075624384,-1.462239
-1.788431,-1.1702236,-2.2824976,-0.7904294,10.797256,-1.4868138,0.074448265,-1.4684111
-1.7941521,-1.1692675,-2.2829788,-0.7882024,10.801267,-1.4920409,0.077195324,-1.460842
-1.7394015,-1.1280931,-2.3361864,-0.888761,10.777643,-1.502728,0.19630484,-1.5758461
-1.7939764,-1.1515037,-2.2881052,-0.7853853,10.801275,-1.4938313,0.09709524,-1.4814126
-1.7388502,-1.1287159,-2.339193,-0.8883043,10.777092,-1.5015728,0.19821894,-1.5755426
-1.7442831,-1.143477,-2.3184903,-0.88220215,10.7779255,-1.5039941,0.20793158,-1.5832087
-1.7910773,-1.1555386,-2.2874053,-0.7935793,10.801497,-1.4953039,0.09792585,-1.4823908
-1.7441651,-1.1438526,-2.3182015,-0.88255006,10.778116,-1.5038862,0.20742276,-1.5825807
-1.7446624,-1.1431607,-2.316616,-0.8824878,10.7779045,-1.5046166,0.2088469,-1.5849414
-1.744403,-1.144494,-2.3183167,-0.8816515,10.777805,-1.5031025,0.20794512,-1.5831319
-1.7486537,-1.1428438,-2.3197682,-0.8811625,10.779583,-1.5042365,0.21162729,-1.5809256
-1.7486023,-1.1434219,-2.3213584,-0.88083154,10.779594,-1.5051403,0.21209215,-1.5786713
-1.7488414,-1.1434534,-2.3212888,-0.8808807,10.779527,-1.5048547,0.21208528,-1.5787071
-1.7946097,-1.156463,-2.2925284,-0.7876241,10.803923,-1.4978511,0.0940888,-1.4684519
-1.7369329,-1.1275917,-2.3411214,-0.8904392,10.776643,-1.5012829,0.19898507,-1.5759724
-1.7451243,-1.1442827,-2.3171241,-0.88219607,10.778095,-1.503583,0.20806968,-1.5832176
-1.7526548,-1.1441559,-2.326205,-0.86868525,10.788065,-1.5028865,0.19167806,-1.5573615
-1.7484256,-1.1422564,-2.3192527,-0.8818537,10.778837,-1.5065382,0.21196033,-1.5806302
-1.7442917,-1.1316369,-2.3157914,-0.88051426,10.7808275,-1.5123107,0.19888063,-1.5844773
-1.78334,-1.1583871,-2.2858052,-0.79308605,10.798288,-1.4885703,0.075751446,-1.4755911
-1.7932572,-1.1613396,-2.2861474,-0.78287596,10.801315,-1.4933808,0.07406037,-1.4615502
-1.7391515,-1.1284286,-2.3398144,-0.888524,10.777175,-1.5009881,0.1981561,-1.5751761
-1.6752242,-1.1723619,-2.5048015,-0.94471794,10.686287,-1.241416,0.35661465,-1.7114578
-1.7538346,-1.1652163,-2.3496842,-0.85528237,10.781666,-1.4716364,0.19976193,-1.5444117
-1.7549261,-1.1649034,-2.3481214,-0.8538789,10.782614,-1.4728291,0.19878297,-1.5430851
-1.7424655,-1.1276466,-2.349963,-0.8894247,10.772324,-1.4949033,0.20668755,-1.57598
-1.7332722,-1.125633,-2.3335655,-0.8878657,10.777023,-1.5058619,0.19628598,-1.5842273
-1.795411,-1.143982,-2.2886603,-0.76877385,10.796469,-1.4817739,0.08211701,-1.4817199
-1.7438976,-1.1436845,-2.3203323,-0.88164514,10.777624,-1.5033629,0.20953798,-1.5836189
-1.7518474,-1.1355617,-2.327042,-0.879906,10.776831,-1.5057709,0.22165285,-1.5860581
-1.7517058,-1.1362046,-2.327371,-0.8795997,10.776557,-1.5045149,0.22187792,-1.5867978
-1.7425573,-1.1345055,-2.3390062,-0.88907516,10.7759285,-1.4915233,0.20016474,-1.5758983
-1.7336129,-1.12788,-2.3362882,-0.88753486,10.776426,-1.5022507,0.197184,-1.582816
-1.7331191,-1.1286876,-2.336889,-0.8877738,10.776358,-1.5029455,0.19724116,-1.5815417
-1.7446945,-1.1439668,-2.3176167,-0.88220114,10.777792,-1.50318,0.20880781,-1.5842297
-1.7494726,-1.1435276,-2.318857,-0.88123614,10.779729,-1.5046625,0.21062055,-1.579115
-1.794411,-1.1508044,-2.2866187,-0.78637546,10.801208,-1.4936137,0.09811083,-1.4834734
-1.7933167,-1.1513908,-2.289259,-0.7857029,10.801128,-1.4942365,0.09748682,-1.4814308
-1.7844716,-1.163413,-2.2827134,-0.79328495,10.797945,-1.4900014,0.07636238,-1.4732434
-1.7483789,-1.1437494,-2.3218098,-0.88119924,10.779304,-1.5047674,0.21217085,-1.5784682
-1.744452,-1.1438187,-2.3181503,-0.88211006,10.777933,-1.5035163,0.20801412,-1.5832978
-1.7329849,-1.1281289,-2.333167,-0.888122,10.776798,-1.5045271,0.19594686,-1.5830551
-1.7491082,-1.1441792,-2.3195853,-0.88046485,10.779686,-1.5043967,0.21104807,-1.5790147
-1.7445213,-1.1439415,-2.3182123,-0.88211447,10.777822,-1.5036476,0.20808287,-1.5831863
-1.7331023,-1.1277125,-2.3354375,-0.88785994,10.776587,-1.5036511,0.19730413,-1.5831031
-1.7446654,-1.14393,-2.3183837,-0.8820653,10.777924,-1.5033121,0.20805797,-1.5830594
-1.7446946,-1.1455773,-2.3178833,-0.8814679,10.777901,-1.5017922,0.20686914,-1.5822934
-1.7441415,-1.1435536,-2.318877,-0.8820974,10.777895,-1.5036659,0.20812254,-1.5833126
-1.733199,-1.1279148,-2.335395,-0.88796765,10.7765465,-1.5031588,0.1966368,-1.5825185
-1.7493366,-1.1425511,-2.3195934,-0.88125134,10.779356,-1.5053649,0.21141642,-1.579659
-1.7388564,-1.1283451,-2.3396842,-0.8881071,10.777029,-1.5016153,0.19836067,-1.5755268
-1.7488676,-1.1424831,-2.3186486,-0.8815767,10.779638,-1.5059016,0.21139827,-1.58034
-1.7928692,-1.1518219,-2.28465,-0.7878187,10.802238,-1.4993508,0.088627,-1.4773332
-1.7335321,-1.1282508,-2.3360903,-0.88773996,10.776213,-1.502404,0.19758913,-1.5830952
-1.7182764,-1.3526151,-2.6520882,-0.9267911,10.479355,-0.55564076,0.43438238,-1.8099626
-1.7879392,-1.1532592,-2.2789009,-0.78277904,10.796507,-1.4869382,0.07456031,-1.4814371
-1.7442135,-1.1437107,-2.31701,-0.8819207,10.777879,-1.5030733,0.20824543,-1.5853527
-1.7375246,-1.1312215,-2.3347776,-0.89360714,10.775085,-1.5021249,0.19783096,-1.5765826
-1.7489864,-1.1427504,-2.3188474,-0.88165563,10.779632,-1.5059407,0.21091118,-1.5795592
-1.7939223,-1.1683083,-2.2823758,-0.7865643,10.80043,-1.4897134,0.07617221,-1.4624095
-1.7944468,-1.1604701,-2.2824037,-0.7818994,10.800812,-1.491289,0.07205645,-1.4634842
-1.79382,-1.1684574,-2.2823102,-0.7867982,10.800539,-1.489651,0.07632307,-1.4624864
-1.7938625,-1.1683497,-2.282272,-0.7866472,10.800419,-1.4896312,0.0761252,-1.4624926
-1.7391404,-1.128478,-2.3389637,-0.8886476,10.77701,-1.5018048,0.19876453,-1.5758415
-1.7490448,-1.1429335,-2.3188853,-0.8812955,10.7797985,-1.5057408,0.21085045,-1.5793868
-1.7381134,-1.1269376,-2.3419993,-0.8885701,10.776811,-1.503375,0.2004702,-1.5757129
-1.7953312,-1.15673,-2.2908561,-0.78697366,10.803778,-1.4977143,0.0935202,-1.4681093
-1.7442267,-1.1444117,-2.3186846,-0.8819148,10.778212,-1.5039707,0.20760483,-1.5819863
-1.7557143,-1.1498992,-2.3354046,-0.8724099,10.784302,-1.5030296,0.21357849,-1.5596151
-1.7448803,-1.1437707,-2.317677,-0.8821415,10.777595,-1.5032456,0.20870978,-1.5843965
-1.7444205,-1.1439167,-2.3184216,-0.88178915,10.778041,-1.5034025,0.20815244,-1.5834123
-1.7443691,-1.1443421,-2.3183496,-0.8816593,10.777674,-1.5025887,0.20846573,-1.583997
-1.7434783,-1.1439391,-2.3175256,-0.882678,10.77769,-1.504374,0.20845705,-1.5841985
-1.7907255,-1.1521508,-2.297908,-0.7879438,10.802261,-1.4932207,0.094265945,-1.4730166
-1.7393388,-1.1293467,-2.33829,-0.888648,10.777506,-1.5013506,0.19838028,-1.5752988
-1.7448984,-1.1432761,-2.318216,-0.88195455,10.77788,-1.5028847,0.20840243,-1.5840595
-1.7331636,-1.1281881,-2.335131,-0.8878258,10.776604,-1.5032897,0.19677061,-1.5827507
-1.748746,-1.1433551,-2.321071,-0.8807902,10.779502,-1.5048685,0.21194023,-1.5789679
-1.7487422,-1.1432505,-2.3212206,-0.8808482,10.7794895,-1.5048623,0.2120811,-1.5790402
-1.7909384,-1.1555609,-2.2885787,-0.79316694,10.801388,-1.496143,0.09703573,-1.4810716
-1.7475566,-1.1415054,-2.3188736,-0.8803775,10.779697,-1.5093808,0.20274693,-1.5747533
-1.7440861,-1.1441023,-2.3177073,-0.88225895,10.777618,-1.5036879,0.20804937,-1.5838524
-1.7947127,-1.1593752,-2.2831733,-0.7814657,10.800781,-1.4926181,0.072532214,-1.4631135
-1.744633,-1.1443135,-2.3184426,-0.88165194,10.777992,-1.5030653,0.20782778,-1.5828463
-1.7451425,-1.1437227,-2.3207767,-0.88303715,10.778603,-1.5078496,0.20987393,-1.5776322
-1.745727,-1.1439885,-2.3188503,-0.8840609,10.779013,-1.5082083,0.20745215,-1.5761598
-1.7442478,-1.1438531,-2.316943,-0.8826048,10.777751,-1.5028937,0.2080935,-1.5848731
-1.7491249,-1.1429805,-2.3188848,-0.88131857,10.77981,-1.5052744,0.21068819,-1.5795616
-1.7490863,-1.1429509,-2.3187227,-0.88117796,10.779331,-1.505489,0.2111257,-1.580064
-1.7451404,-1.1448165,-2.3168974,-0.8816129,10.778498,-1.5021873,0.2073411,-1.5834614
-1.7335641,-1.12828,-2.334948,-0.88788074,10.776421,-1.502822,0.19715956,-1.5832225
-1.7391111,-1.1281894,-2.3366132,-0.8887753,10.777647,-1.5032117,0.19686417,-1.5757531
-1.7488309,-1.1438867,-2.3210552,-0.8814338,10.7796135,-1.5043921,0.21187873,-1.5785064
-1.7839621,-1.1595281,-2.2844539,-0.79088956,10.798576,-1.4911755,0.076504804,-1.4745668
-1.7850069,-1.1594318,-2.284272,-0.79088485,10.797968,-1.4892018,0.07682871,-1.4748
-1.7934065,-1.1682945,-2.282454,-0.7864361,10.800268,-1.489629,0.076078005,-1.4627947
-1.7443861,-1.1441265,-2.3194063,-0.88181627,10.778231,-1.5032685,0.2072528,-1.5816342
-1.7389446,-1.1288819,-2.3372557,-0.8893072,10.776758,-1.5015509,0.19750574,-1.5763196
-1.7443604,-1.1436344,-2.3165977,-0.8820253,10.777912,-1.5033978,0.20804822,-1.5852671
-1.7443389,-1.1440331,-2.3195708,-0.8819694,10.778156,-1.5033475,0.20739834,-1.5815759
-1.7439812,-1.141776,-2.3185265,-0.8821791,10.777387,-1.5038986,0.20938642,-1.5860053
-1.7483845,-1.1435785,-2.3185074,-0.88197756,10.779314,-1.5056145,0.20909531,-1.5784217
-1.7447406,-1.14457,-2.3179352,-0.88207835,10.777828,-1.5025587,0.2075819,-1.5832281
-1.7445544,-1.1406468,-2.3159032,-0.8826035,10.778555,-1.5057168,0.20693314,-1.5854505
-1.7441651,-1.1441823,-2.319927,-0.8818222,10.778122,-1.5028188,0.20756848,-1.5818298
-1.7496449,-1.1448852,-2.3207977,-0.8751909,10.778761,-1.4962943,0.20683795,-1.5830151
-1.7839093,-1.1595849,-2.2847307,-0.7908941,10.798603,-1.4911987,0.07644083,-1.4742053
-1.739448,-1.1284347,-2.339249,-0.888285,10.777269,-1.5011601,0.19824424,-1.5754672
-1.7329717,-1.1277227,-2.3351882,-0.88786596,10.776591,-1.5044249,0.19722639,-1.5829672
-1.7444375,-1.1449249,-2.3190105,-0.88192517,10.777566,-1.5028374,0.20841429,-1.5825375
-1.7443976,-1.1438035,-2.317032,-0.8816547,10.777929,-1.5033743,0.20800821,-1.5847782
-1.7184672,-1.3509859,-2.6524384,-0.926866,10.479886,-0.5567693,0.4344482,-1.8102013
-1.7389218,-1.1286172,-2.3390346,-0.88854504,10.77738,-1.5015444,0.19814512,-1.5753425
-1.7443799,-1.1441867,-2.3185785,-0.88199514,10.777611,-1.5023836,0.2080807,-1.5836308
-1.744488,-1.1441096,-2.3182976,-0.8819394,10.777903,-1.5035869,0.20780937,-1.5828747
-1.7484906,-1.1431153,-2.3211854,-0.8810459,10.779467,-1.5052445,0.21203145,-1.5790406
-1.7374624,-1.1313568,-2.334953,-0.8936497,10.775061,-1.5020318,0.19810593,-1.5766611
-1.7938969,-1.1683712,-2.2821229,-0.7865426,10.800428,-1.4895432,0.07603275,-1.4625168
-1.7933415,-1.1559162,-2.2856932,-0.78612906,10.799177,-1.4904928,0.09735582,-1.4842206
-1.744398,-1.1439776,-2.3177898,-0.881959,10.777698,-1.5033157,0.20818573,-1.5839905
-1.7390606,-1.1277124,-2.336315,-0.88876504,10.777506,-1.503258,0.19638152,-1.576109
-1.7490207,-1.1425464,-2.3190205,-0.881677,10.779799,-1.5051823,0.21073303,-1.579766
-1.7331712,-1.1259408,-2.3334916,-0.887541,10.776812,-1.5059428,0.19641645,-1.5843312
-1.7398474,-1.1315727,-2.3396034,-0.8881807,10.776516,-1.4997276,0.19912562,-1.5740957
-1.7499336,-1.1337641,-2.3174322,-0.8794563,10.78346,-1.5126044,0.19810268,-1.5745953
-1.79541,-1.1437556,-2.2895422,-0.7689655,10.7966,-1.4817533,0.08191832,-1.4812195
-1.7387737,-1.1284872,-2.336613,-0.8892671,10.777094,-1.5020902,0.1974838,-1.5767888
-1.7491043,-1.1428204,-2.319028,-0.8813984,10.779613,-1.5053792,0.2113155,-1.5799285
-1.749178,-1.1424549,-2.3190496,-0.8814352,10.779776,-1.5053953,0.2109731,-1.5799226
-1.7493819,-1.1426575,-2.318751,-0.88089615,10.780136,-1.505625,0.21091361,-1.5795578
-1.7861918,-1.1596066,-2.2772102,-0.78083974,10.791018,-1.4819791,0.07014359,-1.4803725
-1.7384468,-1.1287163,-2.3372576,-0.88886744,10.777392,-1.5024285,0.19748798,-1.576125
-1.7386074,-1.1284806,-2.3375676,-0.8888684,10.777407,-1.5024694,0.19758722,-1.5759214
-1.7384984,-1.1289757,-2.33701,-0.8887737,10.777382,-1.5021785,0.19727285,-1.5760888
-1.7446762,-1.1447691,-2.3176212,-0.8819771,10.777493,-1.5030751,0.20737001,-1.582884
-1.7486547,-1.1437439,-2.321421,-0.8803192,10.779293,-1.5038928,0.21127282,-1.578884
-1.7331103,-1.125451,-2.333958,-0.88768333,10.776993,-1.5063618,0.19658388,-1.5840288
-1.7390019,-1.1281143,-2.3395038,-0.8883751,10.777285,-1.5018487,0.19799967,-1.5753299
-1.7489988,-1.1398197,-2.3183894,-0.88238853,10.7797985,-1.5085136,0.21132122,-1.5807108
-1.744335,-1.1439995,-2.317869,-0.88225,10.777793,-1.5035794,0.20819053,-1.5836436
-1.7490804,-1.1428167,-2.3189795,-0.8815025,10.779234,-1.5057449,0.21141982,-1.5799919
-1.745875,-1.1379707,-2.3272312,-0.8809092,10.7729645,-1.5018517,0.22057113,-1.5922607
-1.7491539,-1.1425639,-2.3185484,-0.88150054,10.779631,-1.5056839,0.21100487,-1.5800859
-1.7483803,-1.1432685,-2.3208904,-0.8812627,10.779359,-1.5052266,0.21226281,-1.5794016
-1.7487499,-1.1420308,-2.3192136,-0.8817635,10.779152,-1.5061014,0.211716,-1.5805231
-1.7438439,-1.1423273,-2.316788,-0.8834074,10.778572,-1.5082234,0.20787324,-1.5825089
-1.7496576,-1.1438017,-2.3201423,-0.8803976,10.779673,-1.5032425,0.2118113,-1.5799413
-1.7490243,-1.1433146,-2.320411,-0.88069683,10.779621,-1.5047084,0.2115161,-1.579208
-1.7431763,-1.1433682,-2.3172603,-0.88243645,10.77738,-1.5052497,0.20900896,-1.5853542
-1.7389935,-1.1285117,-2.339655,-0.8881522,10.777111,-1.5014884,0.19839185,-1.5753684
-1.794298,-1.1605128,-2.282964,-0.7818354,10.800757,-1.4912845,0.07234555,-1.4635822
-1.7445297,-1.143988,-2.3183243,-0.8819292,10.777869,-1.5032016,0.20791294,-1.5831779
-1.7491132,-1.142958,-2.3196466,-0.88109213,10.779342,-1.5053655,0.21136957,-1.5795051
-1.7949364,-1.1566792,-2.291067,-0.78664035,10.803629,-1.4975947,0.09378304,-1.4687625
-1.7394681,-1.1280022,-2.3367789,-0.88912624,10.777312,-1.5039511,0.19766594,-1.5756571
-1.7388686,-1.1294135,-2.3408184,-0.88855404,10.777044,-1.5006431,0.19833443,-1.574174
-1.7446798,-1.1440126,-2.3181384,-0.8846349,10.7791195,-1.5084298,0.20885728,-1.5780531
-1.7487592,-1.1431162,-2.3213367,-0.8809808,10.779537,-1.5050246,0.21214323,-1.5789263
-1.7484891,-1.1437191,-2.3217516,-0.88101727,10.779189,-1.5048323,0.2123674,-1.5787164
-1.7457093,-1.1437033,-2.3201578,-0.8829594,10.778686,-1.5089188,0.21006076,-1.5772477
-1.7359556,-1.1281538,-2.3330743,-0.8893067,10.777412,-1.5073075,0.19501118,-1.5770274
-1.7453161,-1.1439409,-2.3200386,-0.8835613,10.778513,-1.5082235,0.20973352,-1.5775687
-1.7497727,-1.1447326,-2.3203018,-0.87534636,10.778717,-1.4959624,0.206701,-1.5838224
-1.7392114,-1.1290065,-2.3394825,-0.88829225,10.777281,-1.5015407,0.19819129,-1.5745835
-1.7385267,-1.1294299,-2.3374321,-0.8887793,10.777195,-1.5019628,0.19741774,-1.5757374
-1.7486871,-1.142512,-2.3183367,-0.88164914,10.779535,-1.5059682,0.21131226,-1.5807081
-1.7394499,-1.1300565,-2.3515606,-0.89295906,10.775523,-1.508374,0.20946042,-1.5651703
-1.7939187,-1.1685146,-2.2822425,-0.7866886,10.8004,-1.489609,0.076024435,-1.4622451
-1.7938596,-1.1678498,-2.2825496,-0.7865743,10.80035,-1.4897413,0.076421715,-1.4628431
-1.7938033,-1.1683161,-2.2825184,-0.7868499,10.800459,-1.4897887,0.07638215,-1.4624684
-1.7936958,-1.1687241,-2.2824745,-0.7869398,10.800427,-1.489231,0.076100804,-1.4623176
-1.7941784,-1.1604489,-2.2816434,-0.7822785,10.800595,-1.4915544,0.07262025,-1.4647027
-1.7937905,-1.1681651,-2.2819295,-0.7868413,10.80053,-1.489502,0.07591864,-1.4628209
-1.792928,-1.1670839,-2.2838092,-0.7861592,10.800779,-1.4896815,0.07685036,-1.4632312
-1.7335612,-1.128202,-2.3353343,-0.8877585,10.776725,-1.5028181,0.19641918,-1.5821495
-1.737939,-1.1279155,-2.3410578,-0.8890937,10.776573,-1.5012985,0.19913878,-1.5760276
-1.733156,-1.1278969,-2.3350613,-0.8876893,10.776537,-1.5032924,0.19710615,-1.5835513
-1.7335023,-1.1279813,-2.3352454,-0.88801455,10.776659,-1.503216,0.19679974,-1.5825467
-1.7447023,-1.1439762,-2.3180459,-0.88216275,10.777868,-1.503056,0.20782854,-1.5834454
-1.793711,-1.1617041,-2.2814133,-0.7761157,10.795019,-1.4879568,0.07407396,-1.4707663
-1.7491685,-1.1428072,-2.318671,-0.8818659,10.779643,-1.5057858,0.21130738,-1.5797379
-1.7331246,-1.1280683,-2.3348677,-0.8879839,10.776508,-1.503401,0.19656909,-1.58287
-1.7490621,-1.1428351,-2.318833,-0.8816233,10.779615,-1.5054501,0.21119194,-1.5799209
-1.7458106,-1.1376661,-2.3285615,-0.8812155,10.772567,-1.5013087,0.22196212,-1.5926421
-1.7456859,-1.1376438,-2.3286455,-0.88123876,10.772343,-1.5013245,0.22206521,-1.5927521
-1.7844404,-1.1644181,-2.275678,-0.79792273,10.797941,-1.4854546,0.08011223,-1.4863976
-1.7308409,-1.1301585,-2.338946,-0.88846743,10.774162,-1.5038502,0.19920468,-1.5815185
-1.7390736,-1.1289114,-2.3392541,-0.8883937,10.777002,-1.5007893,0.19844498,-1.5758052
-1.7395254,-1.1283201,-2.3396423,-0.8879898,10.77766,-1.5014298,0.1976364,-1.5744833
-1.744079,-1.1438586,-2.3173442,-0.8818688,10.777513,-1.5032187,0.208621,-1.5853571
-1.7388157,-1.1285496,-2.3401144,-0.88792425,10.777025,-1.5016191,0.19846801,-1.575127
-1.7486223,-1.1422374,-2.319114,-0.8814617,10.77961,-1.506567,0.21122274,-1.5798787
-1.7444417,-1.1438891,-2.31797,-0.88261104,10.777758,-1.5032889,0.20800336,-1.5834678
-1.7917897,-1.167423,-2.284994,-0.78759307,10.7998085,-1.4901751,0.07605634,-1.4643687
-1.7516191,-1.1332823,-2.3135366,-0.88128704,10.779754,-1.5101917,0.2072794,-1.5839475
-1.733168,-1.1278814,-2.3354673,-0.88798517,10.776554,-1.5034965,0.1971638,-1.5828608
-1.734792,-1.1284748,-2.3364975,-0.88915324,10.776361,-1.5041349,0.19599687,-1.5778967
-1.7339925,-1.129973,-2.3338501,-0.8877275,10.776718,-1.5023664,0.19683902,-1.5825034
-1.7442316,-1.1437179,-2.3188562,-0.8820842,10.777727,-1.5040207,0.20877431,-1.583287
-1.7795247,-1.1639898,-2.290034,-0.7897387,10.792984,-1.4820163,0.08931055,-1.4911304
-1.7506019,-1.1415442,-2.330313,-0.8715008,10.784742,-1.504374,0.18459164,-1.5547124
-1.7737106,-1.1719749,-2.2969282,-0.7947753,10.794153,-1.4897373,0.09549966,-1.480553
-1.742796,-1.1462393,-2.322845,-0.8836103,10.777353,-1.505414,0.20657866,-1.5759917
-1.7889217,-1.1544912,-2.2922072,-0.79104143,10.801361,-1.4925097,0.09157529,-1.4778029
-1.7902311,-1.1498357,-2.2884707,-0.79180545,10.803278,-1.4995606,0.090913914,-1.4786247
-1.748408,-1.1431856,-2.316282,-0.88224924,10.779611,-1.506212,0.21031024,-1.580807
-1.7944967,-1.1603218,-2.2826579,-0.78192014,10.800947,-1.4910953,0.07202455,-1.4634088
-1.7943815,-1.1601931,-2.2827544,-0.7816271,10.800924,-1.4913057,0.07189647,-1.4633386
-1.7336757,-1.1283823,-2.3360436,-0.8876172,10.776707,-1.5026033,0.19694695,-1.5819968
-1.744708,-1.1432499,-2.3184154,-0.88241345,10.77805,-1.5037847,0.20778652,-1.5830221
-1.7446629,-1.1329607,-2.3165216,-0.8800973,10.781483,-1.5121107,0.1977725,-1.5818783
-1.7944065,-1.1563677,-2.292956,-0.78758705,10.803673,-1.497304,0.09368306,-1.4679472
-1.7929567,-1.1658556,-2.2815256,-0.78577286,10.800158,-1.4894469,0.07520088,-1.4647523
-1.7226974,-1.1377014,-2.334988,-0.8819575,10.767898,-1.5030988,0.19638981,-1.5859495
-1.7941326,-1.1602823,-2.2825053,-0.7819761,10.800855,-1.4910868,0.0722787,-1.4640735
-0.029995136,-0.8155008,0.751219,0.72478306,1.6375026,-0.17345549,0.5878019,-1.9893397
-1.7323017,-1.1278349,-2.334416,-0.88714117,10.776097,-1.5030107,0.19625688,-1.5849067
-1.7332175,-1.1279131,-2.3346257,-0.8875176,10.776567,-1.5035944,0.19691025,-1.5833867
-1.7338624,-1.1294098,-2.3322358,-0.8879362,10.776809,-1.5047995,0.1965549,-1.5826377
-1.7393645,-1.1270068,-2.336695,-0.8885542,10.777334,-1.5029969,0.19752324,-1.5773166
-1.738852,-1.1290096,-2.3411622,-0.8886887,10.777082,-1.5009437,0.19855042,-1.5740554
-1.7490557,-1.1448355,-2.3164332,-0.8815189,10.781032,-1.502884,0.20926271,-1.5793722
-1.7458045,-1.1374795,-2.3287737,-0.8813133,10.772488,-1.5015469,0.22184622,-1.5923109
-1.7905427,-1.1570001,-2.288205,-0.7896581,10.800737,-1.4944029,0.09331662,-1.4783491
-1.7392437,-1.1295698,-2.3356283,-0.8893684,10.777292,-1.5012414,0.19757125,-1.577074
-1.7390872,-1.1283444,-2.3392055,-0.8883506,10.777136,-1.5023079,0.19897206,-1.5754477
-1.7443265,-1.1436867,-2.3166187,-0.8819868,10.777979,-1.5033658,0.20786045,-1.5851247
-1.7386109,-1.1277215,-2.339934,-0.88815075,10.777517,-1.501261,0.19805002,-1.5759716
-1.7306869,-1.1299396,-2.3394916,-0.88829976,10.774283,-1.50387,0.19867837,-1.5809666
-1.7486961,-1.1435882,-2.3217318,-0.8807265,10.779479,-1.5045257,0.21233356,-1.5787622
-1.7521418,-1.1316013,-2.3129904,-0.8807133,10.779138,-1.5101874,0.20792618,-1.5865576
-1.7458597,-1.1382409,-2.327415,-0.8809889,10.772892,-1.5013908,0.22061358,-1.5922743
-1.7938433,-1.1676484,-2.2823205,-0.78673124,10.8005295,-1.4902292,0.0766869,-1.4631683
-1.7940191,-1.167989,-2.2824483,-0.7866393,10.800645,-1.4898384,0.076001085,-1.4620351
-1.7764848,-1.166372,-2.5840795,-0.703574,10.181545,-0.3714958,0.5043591,-2.0243866
-1.7938094,-1.1684115,-2.2819955,-0.7866937,10.800447,-1.4894638,0.07582893,-1.4625998
-1.7938538,-1.1686146,-2.2822807,-0.78677523,10.800483,-1.4896474,0.07610289,-1.4622066
-1.7853961,-1.1679312,-2.2716198,-0.79382056,10.79372,-1.47647,0.076165624,-1.4906927
-1.7388529,-1.1275936,-2.3368924,-0.8886619,10.777247,-1.5031579,0.19726504,-1.5766977
-1.7485472,-1.1432835,-2.3212197,-0.8810603,10.779514,-1.5048666,0.21199214,-1.5789806
-1.7491806,-1.1445814,-2.316672,-0.88148504,10.78093,-1.5034003,0.20894252,-1.5787235
-1.7345144,-1.1316984,-2.33481,-0.8883937,10.7766,-1.4993819,0.197352,-1.5821491
-1.7394654,-1.128621,-2.3381646,-0.8887923,10.77685,-1.5008069,0.19866976,-1.5768329
-1.7839702,-1.1595341,-2.2836735,-0.79254884,10.798031,-1.492876,0.078602605,-1.4759444
-1.7355942,-1.1289669,-2.3372035,-0.8901734,10.776584,-1.50297,0.19749197,-1.577656
-1.7488786,-1.1437377,-2.316655,-0.8817345,10.779469,-1.5060878,0.21003495,-1.5799018
-1.7390076,-1.1284573,-2.3388524,-0.888262,10.777042,-1.5016968,0.19823273,-1.57595
-1.793833,-1.1686904,-2.2822323,-0.78669983,10.800386,-1.4892888,0.07606465,-1.46238
-1.7440164,-1.1437641,-2.3186216,-0.88187605,10.778297,-1.5036842,0.20829915,-1.5833851
-1.738608,-1.128846,-2.3375351,-0.8888609,10.777393,-1.5021279,0.19751385,-1.5758265
-1.7441097,-1.1441952,-2.3167782,-0.8827939,10.777803,-1.5037873,0.20786297,-1.58399
-1.7848613,-1.1598126,-2.2840145,-0.79102576,10.797776,-1.488811,0.07662255,-1.4750032
-1.7386078,-1.1291519,-2.3358629,-0.8890987,10.777088,-1.5016696,0.19734979,-1.5773163
